#usda 1.0
(
    defaultPrim = "World_Root"
    metersPerUnit = 1
    upAxis = "Y"
)

def Scope "_Prototypes"
{
    def Mesh "proto_0" (
        customData = {
            string focusSourceKey = "/home/dxr/project/400. On_Project/410. SL_mirror_tech/412. dataset/raw/CAD/10D132000_YP_HOUSING_NON_AVM_RH.obj"
        }
    )
    {
        int[] faceVertexCounts = [3, 3, 3, 3, 3, 3, 3, 3, 3, 3, 3, 3, 3, 3, 3, 3, 3, 3, 3, 3, 3, 3, 3, 3, 3, 3, 3, 3, 3, 3, 3, 3, 3, 3, 3, 3, 3, 3, 3, 3, 3, 3, 3, 3, 3, 3, 3, 3, 3, 3, 3, 3, 3, 3, 3, 3, 3, 3, 3, 3, 3, 3, 3, 3, 3, 3, 3, 3, 3, 3, 3, 3, 3, 3, 3, 3, 3, 3, 3, 3, 3, 3, 3, 3, 3, 3, 3, 3, 3, 3, 3, 3, 3, 3, 3, 3, 3, 3, 3, 3, 3, 3, 3, 3, 3, 3, 3, 3, 3, 3, 3, 3, 3, 3, 3, 3, 3, 3, 3, 3, 3, 3, 3, 3, 3, 3, 3, 3, 3, 3, 3, 3, 3, 3, 3, 3, 3, 3, 3, 3, 3, 3, 3, 3, 3, 3, 3, 3, 3, 3, 3, 3, 3, 3, 3, 3, 3, 3, 3, 3, 3, 3, 3, 3, 3, 3, 3, 3, 3, 3, 3, 3, 3, 3, 3, 3, 3, 3, 3, 3, 3, 3, 3, 3, 3, 3, 3, 3, 3, 3, 3, 3, 3, 3, 3, 3, 3, 3, 3, 3, 3, 3, 3, 3, 3, 3, 3, 3, 3, 3, 3, 3, 3, 3, 3, 3, 3, 3, 3, 3, 3, 3, 3, 3, 3, 3, 3, 3, 3, 3, 3, 3, 3, 3, 3, 3, 3, 3, 3, 3, 3, 3, 3, 3, 3, 3, 3, 3, 3, 3, 3, 3, 3, 3, 3, 3, 3, 3, 3, 3, 3, 3, 3, 3, 3, 3, 3, 3, 3, 3, 3, 3, 3, 3, 3, 3, 3, 3, 3, 3, 3, 3, 3, 3, 3, 3, 3, 3, 3, 3, 3, 3, 3, 3, 3, 3, 3, 3, 3, 3, 3, 3, 3, 3, 3, 3, 3, 3, 3, 3, 3, 3, 3, 3, 3, 3, 3, 3, 3, 3, 3, 3, 3, 3, 3, 3, 3, 3, 3, 3, 3, 3, 3, 3, 3, 3, 3, 3, 3, 3, 3, 3, 3, 3, 3, 3, 3, 3, 3, 3, 3, 3, 3, 3, 3, 3, 3, 3, 3, 3, 3, 3, 3, 3, 3, 3, 3, 3, 3, 3, 3, 3, 3, 3, 3, 3, 3, 3, 3, 3, 3, 3, 3, 3, 3, 3, 3, 3, 3, 3, 3, 3, 3, 3, 3, 3, 3, 3, 3, 3, 3, 3, 3, 3, 3, 3, 3, 3, 3, 3, 3, 3, 3, 3, 3, 3, 3, 3, 3, 3, 3, 3, 3, 3, 3, 3, 3, 3, 3, 3, 3, 3, 3, 3, 3, 3, 3, 3, 3, 3, 3, 3, 3, 3, 3, 3, 3, 3, 3, 3, 3, 3, 3, 3, 3, 3, 3, 3, 3, 3, 3, 3, 3, 3, 3, 3, 3, 3, 3, 3, 3, 3, 3, 3, 3, 3, 3, 3, 3, 3, 3, 3, 3, 3, 3, 3, 3, 3, 3, 3, 3, 3, 3, 3, 3, 3, 3, 3, 3, 3, 3, 3, 3, 3, 3, 3, 3, 3, 3, 3, 3, 3, 3, 3, 3, 3, 3, 3, 3, 3, 3, 3, 3, 3, 3, 3, 3, 3, 3, 3, 3, 3, 3, 3, 3, 3, 3, 3, 3, 3, 3, 3, 3, 3, 3, 3, 3, 3, 3, 3, 3, 3, 3, 3, 3, 3, 3, 3, 3, 3, 3, 3, 3, 3, 3, 3, 3, 3, 3, 3, 3, 3, 3, 3, 3, 3, 3, 3, 3, 3, 3, 3, 3, 3, 3, 3, 3, 3, 3, 3, 3, 3, 3, 3, 3, 3, 3, 3, 3, 3, 3, 3, 3, 3, 3, 3, 3, 3, 3, 3, 3, 3, 3, 3, 3, 3, 3, 3, 3, 3, 3, 3, 3, 3, 3, 3, 3, 3, 3, 3, 3, 3, 3, 3, 3, 3, 3, 3, 3, 3, 3, 3, 3, 3, 3, 3, 3, 3, 3, 3, 3, 3, 3, 3, 3, 3, 3, 3, 3, 3, 3, 3, 3, 3, 3, 3, 3, 3, 3, 3, 3, 3, 3, 3, 3, 3, 3, 3, 3, 3, 3, 3, 3, 3, 3, 3, 3, 3, 3, 3, 3, 3, 3, 3, 3, 3, 3, 3, 3, 3, 3, 3, 3, 3, 3, 3, 3, 3, 3, 3, 3, 3, 3, 3, 3, 3, 3, 3, 3, 3, 3, 3, 3, 3, 3, 3, 3, 3, 3, 3, 3, 3, 3, 3, 3, 3, 3, 3, 3, 3, 3, 3, 3, 3, 3, 3, 3, 3, 3, 3, 3, 3, 3, 3, 3, 3, 3, 3, 3, 3, 3, 3, 3, 3, 3, 3, 3, 3, 3, 3, 3, 3, 3, 3, 3, 3, 3, 3, 3, 3, 3, 3, 3, 3, 3, 3, 3, 3, 3, 3, 3, 3, 3, 3, 3, 3, 3, 3, 3, 3, 3, 3, 3, 3, 3, 3, 3, 3, 3, 3, 3, 3, 3, 3, 3, 3, 3, 3, 3, 3, 3, 3, 3, 3, 3, 3, 3, 3, 3, 3, 3, 3, 3, 3, 3, 3, 3, 3, 3, 3, 3, 3, 3, 3, 3, 3, 3, 3, 3, 3, 3, 3, 3, 3, 3, 3, 3, 3, 3, 3, 3, 3, 3, 3, 3, 3, 3, 3, 3, 3, 3, 3, 3, 3, 3, 3, 3, 3, 3, 3, 3, 3, 3, 3, 3, 3, 3, 3, 3, 3, 3, 3, 3, 3, 3, 3, 3, 3, 3, 3, 3, 3, 3, 3, 3, 3, 3, 3, 3, 3, 3, 3, 3, 3, 3, 3, 3, 3, 3, 3, 3, 3, 3, 3, 3, 3, 3, 3, 3, 3, 3, 3, 3, 3, 3, 3, 3, 3, 3, 3, 3, 3, 3, 3, 3, 3, 3, 3, 3, 3, 3, 3, 3, 3, 3, 3, 3, 3, 3, 3, 3, 3, 3, 3, 3, 3, 3, 3, 3, 3, 3, 3, 3, 3, 3, 3, 3, 3, 3, 3, 3, 3, 3, 3, 3, 3, 3, 3, 3, 3, 3, 3, 3, 3, 3, 3, 3, 3, 3, 3, 3, 3, 3, 3, 3, 3, 3, 3, 3, 3, 3, 3, 3, 3, 3, 3, 3, 3, 3, 3, 3, 3, 3, 3, 3, 3, 3, 3, 3, 3, 3, 3, 3, 3, 3, 3, 3, 3, 3, 3, 3, 3, 3, 3, 3, 3, 3, 3, 3, 3, 3, 3, 3, 3, 3, 3, 3, 3, 3, 3, 3, 3, 3, 3, 3, 3, 3, 3, 3, 3, 3, 3, 3, 3, 3, 3, 3, 3, 3, 3, 3, 3, 3, 3, 3, 3, 3, 3, 3, 3, 3, 3, 3, 3, 3, 3, 3, 3, 3, 3, 3, 3, 3, 3, 3, 3, 3, 3, 3, 3, 3, 3, 3, 3, 3, 3, 3, 3, 3, 3, 3, 3, 3, 3, 3, 3, 3, 3, 3, 3, 3, 3, 3, 3, 3, 3, 3, 3, 3, 3, 3, 3, 3, 3, 3, 3, 3, 3, 3, 3, 3, 3, 3, 3, 3, 3, 3, 3, 3, 3, 3, 3, 3, 3, 3, 3, 3, 3, 3, 3, 3, 3, 3, 3, 3, 3, 3, 3, 3, 3, 3, 3, 3, 3, 3, 3, 3, 3, 3, 3, 3, 3, 3, 3, 3, 3, 3, 3, 3, 3, 3, 3, 3, 3, 3, 3, 3, 3, 3, 3, 3, 3, 3, 3, 3, 3, 3, 3, 3, 3, 3, 3, 3, 3, 3, 3, 3, 3, 3, 3, 3, 3, 3, 3, 3, 3, 3, 3, 3, 3, 3, 3, 3, 3, 3, 3, 3, 3, 3, 3, 3, 3, 3, 3, 3, 3, 3, 3, 3, 3, 3, 3, 3, 3, 3, 3, 3, 3, 3, 3, 3, 3, 3, 3, 3, 3, 3, 3, 3, 3, 3, 3, 3, 3, 3, 3, 3, 3, 3, 3, 3, 3, 3, 3, 3, 3, 3, 3, 3, 3, 3, 3, 3, 3, 3, 3, 3, 3, 3, 3, 3, 3, 3, 3, 3, 3, 3, 3, 3, 3, 3, 3, 3, 3, 3, 3, 3, 3, 3, 3, 3, 3, 3, 3, 3, 3, 3, 3, 3, 3, 3, 3, 3, 3, 3, 3, 3, 3, 3, 3, 3, 3, 3, 3, 3, 3, 3, 3, 3, 3, 3, 3, 3, 3, 3, 3, 3, 3, 3, 3, 3, 3, 3, 3, 3, 3, 3, 3, 3, 3, 3, 3, 3, 3, 3, 3, 3, 3, 3, 3, 3, 3, 3, 3, 3, 3, 3, 3, 3, 3, 3, 3, 3, 3, 3, 3, 3, 3, 3, 3, 3, 3, 3, 3, 3, 3, 3, 3, 3, 3, 3, 3, 3, 3, 3, 3, 3, 3, 3, 3, 3, 3, 3, 3, 3, 3, 3, 3, 3, 3, 3, 3, 3, 3, 3, 3, 3, 3, 3, 3, 3, 3, 3, 3, 3, 3, 3, 3, 3, 3, 3, 3, 3, 3, 3, 3, 3, 3, 3, 3, 3, 3, 3, 3, 3, 3, 3, 3, 3, 3, 3, 3, 3, 3, 3, 3, 3, 3, 3, 3, 3, 3, 3, 3, 3, 3, 3, 3, 3, 3, 3, 3, 3, 3, 3, 3, 3, 3, 3, 3, 3, 3, 3, 3, 3, 3, 3, 3, 3, 3, 3, 3, 3, 3, 3, 3, 3, 3, 3, 3, 3, 3, 3, 3, 3, 3, 3, 3, 3, 3, 3, 3, 3, 3, 3, 3, 3, 3, 3, 3, 3, 3, 3, 3, 3, 3, 3, 3, 3, 3, 3, 3, 3, 3, 3, 3, 3, 3, 3, 3, 3, 3, 3, 3, 3, 3, 3, 3, 3, 3, 3, 3, 3, 3, 3, 3, 3, 3, 3, 3, 3, 3, 3, 3, 3, 3, 3, 3, 3, 3, 3, 3, 3, 3, 3, 3, 3, 3, 3, 3, 3, 3, 3, 3, 3, 3, 3, 3, 3, 3, 3, 3, 3, 3, 3, 3, 3, 3, 3, 3, 3, 3, 3, 3, 3, 3, 3, 3, 3, 3, 3, 3, 3, 3, 3, 3, 3, 3, 3, 3, 3, 3, 3, 3, 3, 3, 3, 3, 3, 3, 3, 3, 3, 3, 3, 3, 3, 3, 3, 3, 3, 3, 3, 3, 3, 3, 3, 3, 3, 3, 3, 3, 3, 3, 3, 3, 3, 3, 3, 3, 3, 3, 3, 3, 3, 3, 3, 3, 3, 3, 3, 3, 3, 3, 3, 3, 3, 3, 3, 3, 3, 3, 3, 3, 3, 3, 3, 3, 3, 3, 3, 3, 3, 3, 3, 3, 3, 3, 3, 3, 3, 3, 3, 3, 3, 3, 3, 3, 3, 3, 3, 3, 3, 3, 3, 3, 3, 3, 3, 3, 3, 3, 3, 3, 3, 3, 3, 3, 3, 3, 3, 3, 3, 3, 3, 3, 3, 3, 3, 3, 3, 3, 3, 3, 3, 3, 3, 3, 3, 3, 3, 3, 3, 3, 3, 3, 3, 3, 3, 3, 3, 3, 3, 3, 3, 3, 3, 3, 3, 3, 3, 3, 3, 3, 3, 3, 3, 3, 3, 3, 3, 3, 3, 3, 3, 3, 3, 3, 3, 3, 3, 3, 3, 3, 3, 3, 3, 3, 3, 3, 3, 3, 3, 3, 3, 3, 3, 3, 3, 3, 3, 3, 3, 3, 3, 3, 3, 3, 3, 3, 3, 3, 3, 3, 3, 3, 3, 3, 3, 3, 3, 3, 3, 3, 3, 3, 3, 3, 3, 3, 3, 3, 3, 3, 3, 3, 3, 3, 3, 3, 3, 3, 3, 3, 3, 3, 3, 3, 3, 3, 3, 3, 3, 3, 3, 3, 3, 3, 3, 3, 3, 3, 3, 3, 3, 3, 3, 3, 3, 3, 3, 3, 3, 3, 3, 3, 3, 3, 3, 3, 3, 3, 3, 3, 3, 3, 3, 3, 3, 3, 3, 3, 3, 3, 3, 3, 3, 3, 3, 3, 3, 3, 3, 3, 3, 3, 3, 3, 3, 3, 3, 3, 3, 3, 3, 3, 3, 3, 3, 3, 3, 3, 3, 3, 3, 3, 3, 3, 3, 3, 3, 3, 3, 3, 3, 3, 3, 3, 3, 3, 3, 3, 3, 3, 3, 3, 3, 3, 3, 3, 3, 3, 3, 3, 3, 3, 3, 3, 3, 3, 3, 3, 3, 3, 3, 3, 3, 3, 3, 3, 3, 3, 3, 3, 3, 3, 3, 3, 3, 3, 3, 3, 3, 3, 3, 3, 3, 3, 3, 3, 3, 3, 3, 3, 3, 3, 3, 3, 3, 3, 3, 3, 3, 3, 3, 3, 3, 3, 3, 3, 3, 3, 3, 3, 3, 3, 3, 3, 3, 3, 3, 3, 3, 3, 3, 3, 3, 3, 3, 3, 3, 3, 3, 3, 3, 3, 3, 3, 3, 3, 3, 3, 3, 3, 3, 3, 3, 3, 3, 3, 3, 3, 3, 3, 3, 3, 3, 3, 3, 3, 3, 3, 3, 3, 3, 3, 3, 3, 3, 3, 3, 3, 3, 3, 3, 3, 3, 3, 3, 3, 3, 3, 3, 3, 3, 3, 3, 3, 3, 3, 3, 3, 3, 3, 3, 3, 3, 3, 3, 3, 3, 3, 3, 3, 3, 3, 3, 3, 3, 3, 3, 3, 3, 3, 3, 3, 3, 3, 3, 3, 3, 3, 3, 3, 3, 3, 3, 3, 3, 3, 3, 3, 3, 3, 3, 3, 3, 3, 3, 3, 3, 3, 3, 3, 3, 3, 3, 3, 3, 3, 3, 3, 3, 3, 3, 3, 3, 3, 3, 3, 3, 3, 3, 3, 3, 3, 3, 3, 3, 3, 3, 3, 3, 3, 3, 3, 3, 3, 3, 3, 3, 3, 3, 3, 3, 3, 3, 3, 3, 3, 3, 3, 3, 3, 3, 3, 3, 3, 3, 3, 3, 3, 3, 3, 3, 3, 3, 3, 3, 3, 3, 3, 3, 3, 3, 3, 3, 3, 3, 3, 3, 3, 3, 3, 3, 3, 3, 3, 3, 3, 3, 3, 3, 3, 3, 3, 3, 3, 3, 3, 3, 3, 3, 3, 3, 3, 3, 3, 3, 3, 3, 3, 3, 3, 3, 3, 3, 3, 3, 3, 3, 3, 3, 3, 3, 3, 3, 3, 3, 3, 3, 3, 3, 3, 3, 3, 3, 3, 3, 3, 3, 3, 3, 3, 3, 3, 3, 3, 3, 3, 3, 3, 3, 3, 3, 3, 3, 3, 3, 3, 3, 3, 3, 3, 3, 3, 3, 3, 3, 3, 3, 3, 3, 3, 3, 3, 3, 3, 3, 3, 3, 3, 3, 3, 3, 3, 3, 3, 3, 3, 3, 3, 3, 3, 3, 3, 3, 3, 3, 3, 3, 3, 3, 3, 3, 3, 3, 3, 3, 3, 3, 3, 3, 3, 3, 3, 3, 3, 3, 3, 3, 3, 3, 3, 3, 3, 3, 3, 3, 3, 3, 3, 3, 3, 3, 3, 3, 3, 3, 3, 3, 3, 3, 3, 3, 3, 3, 3, 3, 3, 3, 3, 3, 3, 3, 3, 3, 3, 3, 3, 3, 3, 3, 3, 3, 3, 3, 3, 3, 3, 3, 3, 3, 3, 3, 3, 3, 3, 3, 3, 3, 3, 3, 3, 3, 3, 3, 3, 3, 3, 3, 3, 3, 3, 3, 3, 3, 3, 3, 3, 3, 3, 3, 3, 3, 3, 3, 3, 3, 3, 3, 3, 3, 3, 3, 3, 3, 3, 3, 3, 3, 3, 3, 3, 3, 3, 3, 3, 3, 3, 3, 3, 3, 3, 3, 3, 3, 3, 3, 3, 3, 3, 3, 3, 3, 3, 3, 3, 3, 3, 3, 3, 3, 3, 3, 3, 3, 3, 3, 3, 3, 3, 3, 3, 3, 3, 3, 3, 3, 3, 3, 3, 3, 3, 3, 3, 3, 3, 3, 3, 3, 3, 3, 3, 3, 3, 3, 3, 3, 3, 3, 3, 3, 3, 3, 3, 3, 3, 3, 3, 3, 3, 3, 3, 3, 3, 3, 3, 3, 3, 3, 3, 3, 3, 3, 3, 3, 3, 3, 3, 3, 3, 3, 3, 3, 3, 3, 3, 3, 3, 3, 3, 3, 3, 3, 3, 3, 3, 3, 3, 3, 3, 3, 3, 3, 3, 3, 3, 3, 3, 3, 3, 3, 3, 3, 3, 3, 3, 3, 3, 3, 3, 3, 3, 3, 3, 3, 3, 3, 3, 3, 3, 3, 3, 3, 3, 3, 3, 3, 3, 3, 3, 3, 3, 3, 3, 3, 3, 3, 3, 3, 3, 3]
        int[] faceVertexIndices = [0, 1, 2, 1, 3, 2, 0, 4, 1, 0, 2, 5, 0, 6, 7, 0, 5, 6, 8, 0, 7, 8, 4, 0, 4, 9, 1, 2, 10, 5, 3, 11, 2, 4, 12, 9, 13, 12, 4, 8, 13, 4, 14, 6, 5, 15, 6, 16, 15, 17, 6, 6, 17, 7, 14, 16, 6, 7, 17, 18, 8, 7, 18, 19, 13, 8, 19, 8, 18, 13, 20, 12, 21, 20, 13, 19, 21, 13, 22, 16, 14, 23, 15, 16, 24, 15, 23, 15, 25, 17, 24, 25, 15, 26, 16, 22, 23, 16, 26, 17, 27, 18, 17, 25, 27, 18, 27, 28, 19, 18, 28, 19, 29, 21, 30, 29, 19, 31, 30, 19, 31, 19, 28, 21, 32, 20, 21, 33, 34, 21, 35, 33, 21, 34, 36, 21, 36, 37, 21, 37, 32, 29, 35, 21, 23, 38, 24, 39, 25, 24, 24, 40, 39, 38, 40, 24, 41, 25, 42, 42, 25, 43, 43, 25, 39, 41, 27, 25, 23, 26, 44, 23, 44, 45, 46, 38, 23, 46, 23, 45, 47, 27, 41, 28, 27, 47, 48, 49, 28, 48, 28, 47, 31, 28, 49, 50, 29, 51, 50, 35, 29, 30, 51, 29, 31, 51, 30, 31, 49, 52, 31, 52, 51, 33, 53, 54, 33, 54, 55, 33, 55, 56, 33, 56, 34, 57, 53, 33, 35, 57, 33, 35, 58, 57, 50, 58, 35, 59, 40, 38, 60, 59, 38, 60, 38, 46, 40, 61, 39, 61, 43, 39, 41, 48, 47, 42, 48, 41, 42, 62, 63, 42, 43, 62, 42, 64, 48, 41, 64, 42, 46, 45, 65, 60, 46, 65, 48, 66, 49, 49, 67, 52, 50, 51, 58, 51, 68, 69, 51, 69, 70, 51, 52, 68, 71, 51, 70, 71, 58, 51, 53, 72, 73, 57, 72, 53, 53, 74, 75, 53, 75, 76, 73, 74, 53, 53, 76, 77, 53, 77, 78, 53, 78, 54, 57, 58, 72, 79, 72, 58, 79, 58, 71, 80, 40, 59, 81, 40, 80, 81, 61, 40, 82, 61, 81, 83, 61, 82, 84, 61, 83, 84, 43, 61, 62, 43, 84, 63, 62, 84, 84, 85, 63, 85, 86, 63, 87, 64, 41, 64, 88, 48, 89, 52, 67, 71, 70, 90, 91, 71, 90, 79, 71, 91, 73, 92, 74, 73, 72, 92, 93, 72, 79, 94, 72, 93, 95, 92, 72, 95, 72, 94, 74, 92, 96, 74, 97, 75, 74, 96, 97, 98, 75, 97, 79, 91, 99, 100, 93, 79, 100, 79, 99, 80, 59, 60, 60, 101, 102, 60, 65, 101, 80, 60, 102, 103, 82, 80, 82, 81, 80, 83, 85, 84, 83, 104, 85, 83, 82, 105, 83, 105, 104, 105, 82, 103, 106, 107, 86, 106, 108, 107, 85, 104, 109, 109, 86, 85, 106, 86, 109, 91, 90, 110, 90, 70, 111, 91, 110, 112, 113, 99, 91, 113, 91, 112, 89, 68, 52, 52, 68, 89, 95, 114, 92, 96, 92, 114, 94, 93, 100, 115, 94, 100, 116, 95, 94, 117, 94, 115, 117, 116, 94, 116, 114, 95, 96, 114, 118, 96, 119, 97, 96, 118, 119, 120, 97, 119, 100, 99, 113, 115, 100, 113, 80, 102, 103, 121, 102, 101, 122, 103, 102, 123, 124, 103, 124, 105, 103, 122, 123, 103, 105, 124, 104, 104, 124, 125, 125, 109, 104, 126, 108, 106, 126, 106, 127, 109, 127, 106, 63, 87, 42, 63, 128, 87, 88, 64, 129, 48, 88, 130, 130, 66, 48, 49, 66, 131, 113, 112, 132, 115, 113, 133, 133, 113, 132, 134, 114, 116, 134, 135, 114, 136, 114, 135, 118, 114, 136, 137, 115, 133, 138, 115, 137, 139, 115, 138, 139, 117, 115, 140, 116, 117, 140, 134, 116, 118, 136, 141, 118, 141, 119, 142, 119, 141, 121, 143, 102, 144, 102, 143, 122, 102, 144, 122, 144, 123, 123, 145, 124, 144, 145, 123, 146, 147, 124, 146, 124, 145, 125, 127, 109, 87, 148, 64, 149, 128, 63, 150, 149, 63, 150, 63, 107, 150, 107, 151, 151, 108, 126, 151, 126, 108, 152, 153, 126, 152, 126, 154, 131, 66, 130, 155, 137, 133, 133, 132, 156, 133, 156, 155, 52, 89, 157, 52, 158, 68, 157, 158, 52, 158, 69, 68, 69, 158, 70, 134, 159, 135, 160, 159, 134, 140, 160, 134, 159, 161, 135, 162, 135, 161, 136, 135, 162, 136, 162, 163, 136, 163, 141, 164, 137, 155, 165, 137, 164, 165, 138, 137, 166, 138, 165, 166, 139, 138, 139, 167, 117, 140, 117, 167, 168, 167, 139, 166, 168, 139, 140, 169, 160, 140, 167, 169, 144, 143, 170, 144, 170, 171, 144, 171, 145, 145, 171, 172, 146, 145, 172, 146, 172, 147, 127, 154, 126, 148, 129, 64, 129, 130, 88, 151, 108, 173, 173, 108, 126, 173, 126, 153, 131, 174, 49, 174, 67, 49, 175, 89, 67, 89, 175, 157, 67, 174, 175, 70, 158, 176, 90, 177, 110, 112, 110, 177, 90, 111, 178, 155, 156, 179, 180, 161, 159, 181, 180, 159, 160, 181, 159, 182, 181, 160, 182, 160, 169, 183, 184, 161, 180, 183, 161, 185, 161, 184, 162, 161, 185, 162, 185, 186, 162, 186, 163, 187, 188, 163, 187, 163, 186, 189, 164, 155, 190, 164, 189, 190, 165, 164, 166, 165, 190, 166, 191, 168, 166, 190, 191, 192, 167, 168, 193, 169, 167, 194, 167, 192, 194, 193, 167, 168, 191, 195, 192, 168, 195, 196, 169, 193, 182, 169, 196, 171, 170, 197, 198, 199, 171, 198, 171, 197, 171, 200, 172, 199, 200, 171, 200, 201, 172, 147, 172, 201, 127, 202, 154, 154, 202, 203, 129, 148, 87, 129, 87, 128, 204, 128, 149, 205, 128, 204, 206, 129, 128, 206, 128, 205, 207, 150, 151, 150, 207, 149, 208, 149, 207, 209, 149, 208, 204, 149, 209, 207, 151, 108, 210, 151, 173, 108, 151, 210, 131, 130, 129, 173, 153, 210, 157, 174, 131, 211, 131, 129, 212, 131, 211, 213, 131, 212, 214, 131, 213, 214, 157, 131, 174, 157, 175, 70, 176, 111, 178, 177, 90, 155, 179, 215, 216, 155, 215, 189, 155, 216, 157, 217, 176, 218, 157, 214, 218, 217, 157, 176, 158, 157, 219, 183, 180, 220, 180, 181, 220, 219, 180, 221, 220, 181, 182, 221, 181, 182, 222, 221, 182, 196, 223, 182, 223, 222, 183, 224, 184, 183, 225, 224, 219, 225, 183, 226, 184, 224, 185, 184, 226, 185, 227, 186, 185, 226, 227, 228, 229, 186, 228, 186, 227, 189, 216, 230, 189, 230, 231, 232, 190, 189, 233, 189, 231, 232, 189, 233, 190, 232, 191, 234, 195, 191, 194, 192, 195, 235, 196, 193, 235, 193, 194, 194, 195, 236, 235, 194, 236, 236, 195, 234, 237, 223, 196, 237, 196, 235, 199, 238, 200, 198, 238, 199, 198, 239, 238, 198, 240, 239, 198, 197, 240, 201, 200, 238, 241, 129, 206, 211, 129, 241, 205, 204, 242, 204, 209, 242, 206, 205, 243, 243, 205, 242, 244, 206, 243, 241, 206, 244, 173, 207, 108, 173, 210, 207, 245, 207, 210, 208, 207, 245, 246, 208, 247, 209, 208, 246, 247, 208, 248, 208, 245, 248, 242, 209, 246, 210, 173, 108, 212, 211, 249, 211, 241, 249, 213, 212, 250, 250, 212, 249, 251, 213, 250, 214, 213, 251, 252, 214, 251, 218, 214, 252, 178, 111, 253, 111, 254, 253, 111, 176, 254, 112, 110, 255, 110, 112, 177, 132, 112, 256, 255, 256, 112, 216, 215, 257, 216, 257, 230, 156, 258, 179, 176, 217, 254, 217, 253, 254, 259, 253, 217, 260, 217, 218, 260, 259, 217, 261, 218, 252, 262, 260, 218, 220, 225, 219, 220, 263, 225, 222, 263, 220, 222, 220, 221, 264, 222, 265, 264, 263, 222, 237, 266, 223, 223, 267, 265, 223, 265, 222, 223, 266, 267, 268, 224, 225, 268, 269, 224, 270, 224, 269, 226, 224, 270, 271, 268, 225, 271, 225, 263, 226, 270, 227, 272, 273, 227, 272, 227, 274, 270, 274, 227, 233, 231, 275, 276, 233, 275, 276, 232, 233, 232, 277, 191, 276, 277, 232, 278, 234, 191, 279, 234, 278, 279, 236, 234, 278, 191, 277, 237, 235, 236, 280, 236, 279, 237, 236, 280, 237, 280, 266, 238, 281, 282, 239, 240, 283, 239, 283, 281, 284, 203, 285, 249, 241, 244, 286, 210, 153, 286, 245, 210, 248, 245, 287, 245, 286, 287, 153, 152, 288, 253, 178, 289, 289, 178, 253, 132, 256, 156, 256, 132, 290, 132, 256, 290, 178, 289, 177, 259, 289, 253, 259, 291, 289, 291, 259, 260, 264, 271, 263, 264, 265, 267, 264, 292, 271, 264, 267, 292, 266, 293, 267, 294, 266, 280, 294, 293, 266, 295, 292, 267, 296, 269, 268, 297, 268, 271, 297, 296, 268, 298, 269, 296, 299, 300, 269, 299, 269, 298, 301, 269, 300, 301, 274, 269, 270, 269, 274, 297, 271, 292, 302, 274, 303, 301, 303, 274, 276, 275, 304, 305, 276, 304, 306, 276, 305, 306, 277, 276, 307, 277, 306, 308, 277, 307, 308, 278, 277, 309, 279, 278, 310, 309, 278, 311, 279, 309, 311, 280, 279, 294, 280, 311, 281, 283, 312, 313, 281, 312, 288, 152, 284, 286, 153, 288, 286, 288, 314, 315, 286, 314, 287, 286, 316, 286, 315, 316, 253, 289, 178, 110, 317, 255, 177, 317, 110, 256, 290, 156, 290, 258, 156, 215, 179, 258, 291, 318, 319, 291, 320, 318, 321, 320, 291, 322, 291, 260, 322, 321, 291, 323, 260, 324, 325, 260, 323, 322, 260, 325, 262, 324, 260, 297, 292, 326, 295, 326, 292, 294, 327, 293, 327, 267, 293, 328, 327, 294, 328, 294, 311, 329, 267, 327, 329, 295, 267, 330, 326, 295, 331, 295, 329, 331, 330, 295, 332, 296, 297, 332, 298, 296, 332, 297, 326, 299, 298, 333, 332, 333, 298, 334, 300, 299, 335, 299, 333, 335, 334, 299, 336, 337, 300, 338, 300, 334, 338, 336, 300, 339, 300, 337, 339, 303, 300, 301, 300, 303, 302, 340, 274, 341, 303, 342, 339, 342, 303, 257, 231, 230, 230, 231, 257, 275, 231, 230, 305, 343, 344, 306, 305, 344, 345, 306, 344, 307, 306, 345, 307, 345, 346, 307, 347, 308, 348, 307, 346, 348, 347, 307, 310, 278, 308, 310, 308, 347, 349, 309, 310, 350, 309, 349, 350, 311, 309, 349, 310, 347, 350, 328, 311, 313, 351, 281, 313, 352, 353, 284, 285, 354, 354, 288, 284, 314, 288, 354, 314, 354, 355, 355, 356, 314, 315, 314, 356, 357, 315, 356, 316, 315, 358, 315, 357, 358, 317, 177, 289, 290, 256, 359, 256, 255, 359, 291, 317, 289, 291, 319, 317, 320, 360, 318, 321, 361, 320, 321, 362, 363, 364, 362, 321, 365, 321, 322, 365, 364, 321, 366, 323, 367, 323, 324, 368, 262, 368, 324, 326, 330, 369, 326, 333, 332, 326, 369, 333, 328, 370, 327, 327, 370, 371, 372, 327, 371, 373, 328, 350, 374, 328, 373, 374, 370, 328, 372, 329, 327, 375, 331, 329, 375, 329, 372, 331, 369, 330, 331, 376, 369, 377, 335, 333, 377, 333, 369, 378, 334, 335, 379, 338, 334, 378, 379, 334, 378, 335, 377, 338, 380, 336, 381, 337, 336, 382, 336, 380, 382, 381, 336, 383, 384, 337, 383, 337, 381, 385, 337, 384, 385, 342, 337, 339, 337, 342, 379, 380, 338, 386, 342, 387, 385, 387, 342, 388, 230, 257, 388, 275, 230, 344, 343, 389, 389, 343, 305, 390, 344, 389, 346, 344, 390, 345, 344, 346, 391, 346, 390, 392, 346, 391, 348, 346, 392, 393, 347, 348, 394, 349, 347, 395, 347, 393, 394, 347, 395, 393, 348, 392, 394, 350, 349, 350, 396, 373, 350, 397, 396, 350, 394, 397, 398, 356, 355, 399, 356, 398, 357, 356, 399, 400, 357, 399, 358, 357, 401, 357, 400, 401, 402, 258, 290, 258, 403, 215, 403, 257, 215, 360, 319, 318, 360, 320, 361, 361, 321, 363, 364, 404, 362, 364, 405, 404, 364, 406, 405, 364, 407, 408, 364, 409, 407, 410, 364, 365, 364, 410, 411, 364, 411, 412, 409, 364, 412, 410, 365, 413, 376, 377, 369, 374, 414, 370, 371, 370, 414, 415, 372, 371, 372, 416, 375, 415, 416, 372, 374, 373, 396, 374, 417, 418, 374, 396, 417, 374, 418, 414, 419, 331, 375, 420, 375, 416, 419, 375, 420, 331, 421, 376, 419, 421, 331, 376, 421, 422, 378, 377, 423, 424, 423, 377, 424, 377, 376, 378, 423, 425, 379, 378, 425, 426, 380, 379, 426, 379, 425, 426, 382, 380, 427, 381, 382, 428, 383, 381, 428, 381, 427, 427, 382, 429, 426, 429, 382, 383, 430, 431, 383, 431, 384, 428, 430, 383, 432, 433, 384, 432, 384, 431, 434, 384, 433, 434, 387, 384, 385, 384, 387, 435, 387, 436, 434, 436, 387, 305, 343, 389, 437, 304, 275, 437, 343, 304, 343, 305, 304, 390, 389, 438, 391, 390, 438, 391, 438, 439, 391, 439, 440, 391, 440, 441, 392, 391, 441, 392, 441, 442, 393, 392, 442, 393, 442, 443, 395, 393, 443, 394, 444, 397, 395, 444, 394, 445, 444, 395, 445, 395, 443, 446, 396, 397, 417, 396, 446, 446, 397, 444, 355, 447, 398, 448, 399, 398, 449, 399, 450, 449, 451, 399, 400, 399, 451, 452, 400, 451, 401, 400, 453, 453, 400, 454, 400, 452, 454, 317, 319, 255, 402, 290, 359, 361, 455, 360, 363, 362, 456, 456, 362, 457, 362, 404, 457, 409, 458, 459, 409, 460, 458, 409, 412, 461, 409, 461, 462, 460, 409, 462, 405, 406, 463, 463, 406, 464, 406, 364, 464, 464, 364, 465, 364, 408, 465, 411, 410, 466, 466, 410, 467, 412, 411, 466, 461, 412, 468, 468, 412, 466, 422, 424, 376, 469, 414, 418, 371, 414, 469, 415, 371, 469, 420, 416, 470, 415, 470, 416, 417, 471, 418, 446, 471, 417, 469, 418, 471, 419, 420, 470, 419, 470, 472, 473, 421, 419, 473, 419, 472, 473, 422, 421, 422, 474, 424, 475, 422, 473, 475, 474, 422, 424, 425, 423, 476, 425, 424, 426, 425, 476, 426, 476, 477, 426, 477, 478, 426, 478, 429, 427, 479, 480, 427, 429, 479, 428, 427, 480, 428, 480, 430, 481, 479, 429, 481, 429, 478, 482, 430, 483, 484, 430, 482, 484, 431, 430, 485, 483, 430, 485, 430, 480, 431, 484, 486, 432, 431, 486, 432, 486, 487, 432, 487, 488, 432, 488, 433, 489, 433, 488, 489, 490, 433, 491, 433, 490, 491, 436, 433, 434, 433, 436, 492, 436, 493, 491, 493, 436, 343, 305, 389, 389, 305, 343, 388, 494, 275, 389, 343, 437, 437, 495, 389, 441, 440, 496, 441, 496, 497, 498, 441, 497, 498, 442, 441, 499, 443, 442, 498, 499, 442, 500, 445, 443, 500, 443, 499, 444, 445, 501, 502, 446, 444, 502, 444, 501, 503, 501, 445, 503, 445, 500, 502, 471, 446, 285, 504, 505, 354, 285, 505, 355, 354, 505, 355, 505, 447, 506, 399, 448, 450, 399, 506, 507, 451, 449, 508, 507, 449, 509, 451, 507, 510, 451, 509, 511, 451, 510, 512, 451, 511, 513, 451, 512, 514, 451, 513, 515, 451, 514, 515, 516, 451, 517, 452, 451, 518, 517, 451, 519, 518, 451, 520, 519, 451, 520, 451, 516, 454, 452, 521, 452, 517, 521, 258, 402, 522, 359, 523, 402, 319, 523, 359, 403, 258, 522, 403, 524, 257, 524, 388, 257, 319, 360, 523, 363, 525, 361, 363, 456, 525, 456, 457, 525, 457, 404, 526, 404, 405, 526, 526, 405, 463, 465, 408, 527, 408, 407, 527, 527, 407, 528, 407, 409, 528, 460, 529, 530, 460, 531, 529, 460, 532, 531, 460, 533, 532, 534, 533, 460, 460, 462, 535, 460, 535, 536, 534, 460, 536, 528, 409, 537, 462, 461, 538, 538, 461, 468, 535, 462, 539, 539, 462, 538, 464, 465, 463, 469, 471, 540, 415, 469, 540, 415, 540, 541, 415, 542, 470, 415, 541, 542, 502, 540, 471, 543, 472, 470, 544, 470, 542, 544, 543, 470, 473, 472, 543, 475, 473, 545, 546, 545, 473, 546, 473, 543, 547, 424, 474, 547, 474, 475, 547, 475, 545, 547, 476, 424, 476, 548, 477, 547, 548, 476, 478, 477, 548, 549, 478, 548, 550, 478, 549, 551, 481, 478, 551, 478, 550, 485, 479, 481, 485, 480, 479, 552, 481, 551, 552, 485, 481, 484, 482, 553, 554, 553, 482, 555, 554, 482, 555, 482, 483, 556, 483, 485, 555, 483, 556, 486, 484, 553, 556, 485, 552, 487, 486, 553, 487, 557, 488, 487, 553, 557, 558, 488, 557, 489, 488, 558, 559, 489, 558, 559, 490, 489, 560, 490, 559, 560, 561, 490, 562, 490, 561, 562, 493, 490, 491, 490, 493, 562, 563, 493, 564, 275, 494, 564, 437, 275, 495, 565, 566, 566, 389, 495, 495, 567, 565, 438, 389, 566, 566, 439, 438, 497, 496, 568, 566, 440, 439, 569, 570, 497, 498, 571, 572, 498, 572, 573, 498, 497, 571, 498, 573, 499, 499, 573, 574, 500, 499, 574, 500, 574, 575, 503, 500, 575, 576, 502, 501, 576, 501, 503, 540, 502, 577, 578, 502, 576, 578, 577, 502, 503, 575, 579, 576, 503, 579, 580, 398, 447, 448, 398, 580, 581, 449, 450, 581, 582, 449, 582, 508, 449, 508, 509, 507, 582, 583, 508, 583, 509, 508, 511, 513, 512, 584, 516, 515, 585, 584, 515, 586, 516, 584, 516, 587, 588, 589, 520, 516, 590, 589, 516, 591, 516, 588, 591, 590, 516, 521, 517, 592, 517, 518, 592, 518, 519, 592, 592, 519, 593, 593, 519, 594, 519, 520, 594, 520, 589, 594, 402, 455, 522, 523, 455, 402, 360, 455, 523, 524, 494, 388, 525, 595, 361, 455, 361, 595, 525, 457, 456, 465, 527, 528, 533, 534, 596, 534, 536, 597, 598, 534, 597, 536, 535, 599, 599, 535, 539, 597, 536, 600, 600, 536, 599, 537, 459, 528, 463, 465, 464, 528, 527, 465, 541, 540, 577, 601, 541, 577, 542, 541, 601, 602, 544, 542, 602, 542, 601, 546, 543, 544, 544, 602, 603, 546, 544, 603, 546, 604, 545, 605, 545, 604, 605, 547, 545, 606, 604, 546, 606, 546, 603, 547, 549, 548, 605, 549, 547, 607, 549, 605, 607, 550, 549, 552, 551, 608, 550, 608, 551, 553, 554, 557, 609, 557, 554, 610, 554, 555, 610, 609, 554, 610, 555, 611, 612, 555, 613, 612, 611, 555, 614, 613, 555, 614, 555, 556, 615, 556, 552, 614, 556, 615, 616, 552, 608, 615, 552, 616, 617, 558, 557, 617, 557, 609, 558, 618, 559, 617, 618, 558, 619, 559, 618, 619, 560, 559, 620, 561, 560, 619, 620, 560, 621, 561, 620, 622, 623, 561, 622, 561, 621, 624, 561, 623, 624, 563, 561, 562, 561, 563, 625, 563, 626, 624, 626, 563, 495, 437, 564, 566, 627, 440, 440, 628, 496, 496, 628, 568, 497, 568, 629, 628, 440, 627, 497, 570, 571, 572, 630, 631, 572, 632, 630, 572, 571, 632, 573, 572, 631, 574, 573, 631, 575, 574, 633, 634, 574, 631, 634, 633, 574, 635, 575, 633, 579, 575, 635, 576, 579, 636, 576, 636, 637, 638, 576, 637, 578, 576, 638, 639, 601, 577, 639, 577, 640, 641, 577, 578, 641, 640, 577, 641, 578, 638, 579, 635, 642, 636, 579, 642, 643, 448, 580, 643, 506, 448, 450, 506, 581, 644, 510, 509, 511, 510, 645, 646, 513, 511, 647, 646, 511, 586, 584, 585, 516, 586, 648, 649, 588, 587, 650, 588, 651, 652, 588, 650, 651, 588, 649, 653, 591, 588, 654, 653, 588, 655, 654, 588, 655, 588, 652, 594, 589, 656, 656, 589, 657, 589, 590, 657, 590, 591, 657, 657, 591, 658, 658, 591, 659, 591, 653, 659, 455, 595, 522, 522, 595, 403, 403, 595, 524, 524, 525, 388, 595, 525, 524, 528, 459, 660, 458, 460, 530, 598, 661, 534, 534, 661, 596, 598, 597, 662, 662, 597, 663, 663, 597, 600, 459, 664, 665, 458, 664, 459, 660, 459, 665, 602, 601, 639, 602, 639, 666, 602, 666, 603, 667, 603, 666, 606, 603, 667, 604, 668, 669, 606, 668, 604, 605, 604, 669, 669, 607, 605, 606, 670, 668, 667, 670, 606, 607, 669, 671, 616, 608, 607, 550, 607, 608, 672, 607, 671, 672, 616, 607, 673, 617, 609, 610, 673, 609, 674, 673, 610, 611, 674, 610, 675, 611, 612, 611, 675, 674, 675, 612, 676, 676, 612, 613, 677, 613, 616, 613, 677, 678, 615, 616, 613, 614, 615, 613, 676, 613, 678, 677, 616, 672, 617, 673, 618, 679, 619, 618, 679, 618, 673, 679, 680, 619, 681, 621, 620, 681, 620, 619, 619, 680, 682, 681, 619, 682, 681, 683, 621, 684, 622, 621, 684, 621, 683, 685, 623, 622, 684, 685, 622, 686, 687, 623, 686, 623, 685, 623, 687, 688, 623, 688, 626, 624, 623, 626, 564, 437, 495, 568, 628, 496, 497, 629, 689, 630, 690, 691, 630, 691, 692, 630, 692, 693, 630, 693, 694, 695, 630, 694, 632, 690, 630, 631, 630, 695, 634, 631, 695, 632, 696, 697, 632, 697, 690, 632, 698, 696, 632, 571, 699, 632, 699, 698, 570, 700, 571, 571, 700, 699, 633, 701, 702, 635, 633, 702, 634, 701, 633, 634, 695, 701, 642, 635, 702, 637, 636, 642, 637, 642, 703, 638, 637, 703, 704, 638, 703, 705, 638, 704, 641, 638, 705, 666, 639, 640, 706, 640, 707, 706, 666, 640, 641, 708, 640, 709, 640, 708, 709, 707, 640, 641, 705, 708, 703, 642, 710, 711, 642, 702, 711, 710, 642, 505, 712, 447, 643, 506, 713, 506, 643, 713, 713, 581, 506, 644, 583, 582, 509, 583, 644, 510, 644, 645, 647, 511, 645, 513, 646, 714, 514, 513, 714, 586, 585, 648, 586, 648, 585, 715, 586, 585, 716, 587, 516, 717, 652, 650, 718, 652, 719, 718, 720, 652, 721, 655, 652, 721, 652, 720, 653, 654, 659, 659, 654, 722, 654, 655, 722, 722, 655, 723, 655, 721, 723, 516, 648, 724, 724, 716, 516, 388, 456, 494, 525, 456, 388, 456, 725, 494, 494, 725, 564, 564, 725, 437, 456, 457, 725, 725, 457, 526, 458, 726, 664, 458, 727, 726, 530, 727, 458, 529, 530, 531, 531, 530, 529, 533, 531, 532, 661, 533, 596, 728, 729, 598, 598, 730, 728, 731, 730, 598, 731, 598, 662, 731, 662, 732, 732, 662, 733, 733, 662, 663, 665, 664, 660, 464, 465, 734, 734, 465, 527, 667, 666, 706, 667, 706, 670, 668, 670, 735, 671, 668, 735, 669, 668, 671, 736, 670, 706, 735, 670, 736, 737, 671, 735, 737, 738, 671, 672, 671, 738, 679, 673, 739, 739, 673, 674, 739, 674, 740, 675, 740, 674, 675, 676, 741, 675, 742, 743, 675, 743, 740, 744, 742, 675, 744, 675, 741, 741, 676, 745, 676, 678, 745, 678, 677, 746, 677, 672, 746, 678, 746, 747, 678, 747, 748, 745, 678, 748, 672, 738, 749, 746, 672, 749, 679, 739, 680, 750, 680, 739, 750, 682, 680, 682, 683, 681, 751, 682, 750, 682, 751, 683, 752, 683, 751, 752, 684, 683, 753, 684, 752, 753, 685, 684, 754, 686, 685, 754, 685, 753, 755, 686, 756, 754, 756, 686, 757, 687, 686, 757, 686, 755, 757, 758, 687, 687, 758, 759, 687, 759, 688, 437, 526, 495, 725, 526, 437, 526, 463, 495, 495, 463, 567, 463, 464, 567, 567, 464, 565, 565, 734, 566, 464, 734, 565, 496, 628, 760, 496, 760, 568, 568, 761, 629, 698, 689, 762, 497, 689, 698, 694, 693, 763, 695, 694, 701, 698, 762, 696, 699, 764, 698, 700, 764, 699, 711, 765, 703, 711, 703, 710, 766, 703, 765, 704, 703, 766, 704, 766, 767, 704, 767, 768, 705, 704, 768, 709, 708, 705, 709, 705, 768, 736, 706, 707, 769, 736, 707, 770, 707, 771, 770, 769, 707, 772, 771, 707, 772, 707, 709, 773, 709, 768, 772, 709, 773, 711, 702, 774, 711, 774, 775, 711, 775, 765, 447, 712, 776, 643, 580, 777, 713, 506, 643, 582, 583, 644, 647, 714, 646, 778, 514, 714, 778, 515, 514, 585, 515, 778, 648, 586, 715, 779, 715, 585, 649, 587, 716, 780, 717, 650, 652, 717, 719, 781, 720, 718, 782, 718, 719, 782, 781, 718, 783, 784, 720, 785, 720, 781, 786, 720, 785, 787, 720, 786, 787, 783, 720, 788, 721, 720, 789, 788, 720, 790, 789, 720, 790, 720, 784, 723, 721, 791, 721, 788, 791, 528, 660, 792, 792, 660, 793, 660, 665, 793, 660, 664, 665, 530, 794, 727, 529, 795, 530, 530, 795, 794, 529, 796, 795, 531, 796, 529, 532, 531, 533, 598, 797, 661, 598, 729, 797, 729, 728, 798, 731, 799, 730, 731, 800, 799, 731, 801, 802, 731, 732, 803, 801, 731, 803, 803, 732, 804, 804, 732, 733, 734, 527, 566, 566, 527, 627, 627, 527, 628, 527, 792, 628, 527, 528, 792, 735, 769, 738, 735, 736, 769, 737, 735, 738, 805, 738, 769, 738, 805, 749, 750, 739, 740, 741, 745, 748, 741, 748, 806, 807, 741, 806, 744, 741, 807, 742, 808, 743, 744, 807, 742, 807, 808, 742, 746, 749, 747, 749, 809, 747, 747, 809, 810, 748, 747, 810, 748, 810, 811, 748, 811, 812, 806, 748, 812, 749, 805, 770, 749, 770, 809, 750, 813, 751, 752, 751, 814, 813, 814, 751, 753, 752, 815, 814, 815, 752, 754, 753, 815, 755, 816, 817, 818, 755, 756, 818, 816, 755, 757, 755, 817, 819, 818, 756, 819, 756, 754, 819, 754, 815, 757, 817, 758, 820, 821, 758, 822, 820, 758, 822, 758, 817, 758, 823, 824, 758, 821, 823, 758, 824, 759, 760, 761, 568, 629, 825, 689, 694, 763, 826, 827, 701, 694, 828, 701, 827, 829, 702, 701, 829, 701, 828, 830, 767, 765, 830, 765, 775, 766, 765, 767, 831, 767, 832, 768, 767, 831, 830, 832, 767, 768, 831, 833, 834, 768, 833, 835, 768, 834, 835, 773, 768, 805, 769, 770, 770, 771, 809, 809, 771, 836, 772, 835, 771, 837, 836, 771, 837, 771, 835, 772, 773, 835, 829, 774, 702, 829, 838, 774, 775, 774, 838, 775, 838, 839, 830, 775, 839, 580, 447, 776, 580, 776, 777, 713, 643, 840, 841, 581, 713, 841, 582, 581, 842, 582, 841, 842, 583, 582, 843, 583, 842, 843, 644, 583, 844, 645, 644, 647, 645, 845, 647, 646, 714, 648, 779, 724, 585, 778, 846, 715, 585, 846, 779, 585, 715, 649, 847, 651, 847, 650, 651, 650, 847, 780, 848, 719, 717, 790, 784, 849, 791, 788, 850, 788, 789, 850, 790, 851, 789, 790, 852, 851, 853, 852, 790, 854, 790, 855, 853, 790, 854, 628, 792, 760, 792, 793, 760, 760, 793, 761, 761, 793, 825, 793, 726, 825, 793, 664, 726, 665, 664, 793, 531, 856, 796, 532, 856, 531, 533, 857, 532, 532, 857, 856, 661, 857, 533, 728, 730, 798, 858, 798, 799, 799, 798, 730, 801, 859, 802, 860, 861, 801, 801, 803, 862, 860, 801, 862, 862, 803, 863, 863, 803, 804, 825, 726, 864, 864, 726, 865, 726, 727, 865, 866, 750, 740, 866, 740, 743, 806, 812, 867, 868, 806, 867, 807, 806, 868, 807, 868, 869, 807, 869, 808, 743, 808, 870, 866, 743, 870, 871, 808, 869, 872, 808, 871, 872, 870, 808, 809, 811, 810, 809, 836, 811, 811, 867, 812, 811, 836, 867, 873, 813, 750, 866, 873, 750, 814, 874, 815, 875, 874, 814, 875, 814, 813, 819, 815, 874, 818, 876, 816, 877, 817, 816, 878, 877, 816, 878, 816, 876, 822, 817, 877, 819, 879, 818, 880, 876, 818, 880, 818, 879, 819, 874, 879, 877, 881, 820, 882, 820, 881, 822, 877, 820, 883, 821, 820, 883, 820, 882, 883, 884, 821, 821, 884, 885, 823, 821, 885, 761, 825, 629, 689, 864, 762, 886, 691, 690, 690, 697, 887, 887, 886, 690, 886, 888, 691, 692, 691, 888, 888, 889, 692, 693, 692, 889, 890, 693, 889, 763, 693, 890, 763, 890, 891, 826, 763, 891, 694, 826, 892, 694, 893, 894, 694, 892, 893, 827, 895, 896, 827, 894, 895, 827, 694, 894, 828, 827, 896, 697, 696, 865, 828, 896, 897, 828, 898, 838, 828, 897, 898, 829, 828, 838, 830, 839, 899, 900, 832, 830, 900, 830, 899, 833, 831, 901, 902, 831, 832, 902, 901, 831, 902, 832, 900, 834, 833, 903, 904, 833, 901, 904, 903, 833, 834, 903, 905, 906, 834, 905, 907, 835, 834, 908, 907, 834, 908, 834, 906, 837, 835, 907, 867, 836, 909, 837, 909, 836, 837, 907, 908, 910, 909, 837, 910, 837, 908, 839, 838, 898, 839, 898, 911, 899, 839, 911, 643, 777, 840, 841, 713, 912, 844, 644, 913, 645, 844, 845, 914, 646, 647, 915, 714, 646, 916, 778, 714, 917, 847, 649, 717, 780, 847, 782, 719, 848, 790, 849, 918, 784, 919, 849, 789, 920, 850, 921, 852, 922, 852, 921, 851, 852, 923, 922, 853, 923, 852, 851, 920, 789, 851, 924, 920, 853, 925, 923, 865, 727, 887, 727, 794, 887, 887, 794, 886, 794, 795, 886, 886, 795, 888, 795, 796, 888, 888, 796, 889, 796, 856, 889, 857, 797, 926, 857, 661, 797, 797, 729, 927, 729, 798, 928, 799, 929, 858, 801, 930, 859, 801, 861, 930, 731, 802, 859, 860, 931, 861, 860, 932, 931, 860, 933, 932, 860, 934, 933, 935, 936, 860, 860, 862, 937, 860, 937, 938, 935, 860, 938, 937, 862, 939, 939, 862, 863, 799, 800, 929, 800, 731, 802, 802, 929, 800, 731, 859, 802, 940, 867, 909, 868, 867, 940, 869, 868, 940, 869, 941, 871, 869, 940, 941, 870, 873, 866, 942, 873, 870, 942, 870, 872, 871, 943, 944, 871, 941, 943, 945, 871, 944, 945, 872, 871, 945, 946, 872, 942, 872, 946, 947, 813, 873, 947, 875, 813, 873, 942, 946, 946, 947, 873, 874, 880, 879, 948, 874, 875, 948, 880, 874, 949, 876, 880, 878, 881, 877, 950, 880, 948, 951, 881, 878, 951, 882, 881, 882, 952, 953, 951, 952, 882, 883, 882, 953, 883, 953, 884, 954, 955, 884, 956, 954, 884, 953, 956, 884, 884, 957, 958, 884, 955, 957, 885, 884, 958, 825, 864, 689, 696, 762, 864, 865, 887, 697, 826, 959, 960, 891, 959, 826, 826, 960, 959, 959, 960, 826, 960, 892, 826, 892, 960, 893, 893, 961, 962, 961, 893, 960, 894, 893, 962, 894, 963, 964, 894, 964, 965, 894, 962, 966, 894, 966, 963, 896, 895, 967, 896, 967, 897, 864, 865, 696, 897, 968, 898, 967, 969, 897, 969, 968, 897, 899, 911, 970, 900, 899, 970, 900, 970, 971, 902, 900, 971, 972, 901, 902, 904, 901, 972, 972, 902, 971, 905, 903, 973, 904, 973, 903, 904, 972, 974, 975, 904, 974, 904, 975, 973, 976, 905, 973, 977, 906, 905, 977, 905, 976, 978, 908, 906, 978, 906, 977, 910, 908, 979, 979, 908, 978, 940, 909, 980, 910, 980, 909, 910, 981, 980, 979, 981, 910, 911, 898, 982, 911, 982, 983, 911, 983, 970, 842, 841, 984, 714, 915, 916, 724, 779, 715, 716, 724, 985, 717, 780, 986, 717, 986, 848, 781, 782, 987, 987, 785, 781, 988, 790, 918, 989, 790, 988, 790, 989, 990, 790, 990, 855, 784, 991, 992, 785, 987, 993, 993, 786, 785, 786, 993, 994, 787, 786, 994, 995, 783, 787, 994, 995, 787, 996, 921, 922, 921, 997, 851, 998, 851, 997, 998, 924, 851, 999, 924, 998, 922, 923, 1000, 923, 925, 1000, 1001, 853, 1002, 1001, 925, 853, 889, 856, 890, 856, 857, 890, 890, 857, 891, 857, 926, 891, 891, 926, 959, 926, 927, 959, 926, 797, 927, 959, 927, 1003, 1003, 927, 1004, 927, 729, 1005, 927, 1005, 1004, 1005, 729, 928, 928, 798, 1006, 798, 858, 1006, 858, 929, 1007, 861, 931, 1008, 861, 1008, 930, 859, 930, 802, 931, 861, 932, 861, 931, 932, 933, 934, 932, 935, 1009, 936, 935, 938, 1010, 935, 1010, 1011, 935, 1011, 1012, 1013, 860, 936, 938, 937, 1014, 1014, 937, 939, 1015, 938, 1016, 1010, 938, 1015, 1016, 938, 1017, 1017, 938, 1014, 802, 1018, 929, 802, 859, 1018, 802, 930, 859, 941, 940, 980, 943, 941, 980, 943, 980, 981, 1019, 943, 981, 1020, 944, 943, 1020, 943, 1019, 944, 946, 945, 1021, 947, 946, 1022, 875, 947, 1021, 1022, 947, 1022, 948, 875, 1023, 948, 1022, 950, 948, 1023, 1024, 876, 949, 1024, 878, 876, 949, 880, 1025, 1026, 1025, 880, 950, 1026, 880, 1027, 951, 878, 1024, 1027, 878, 950, 1023, 1026, 952, 956, 953, 952, 1028, 956, 952, 1029, 1028, 951, 1029, 952, 954, 1030, 955, 1031, 1030, 954, 1031, 954, 956, 1032, 955, 1030, 1032, 957, 955, 1033, 956, 1028, 1034, 956, 1033, 1034, 1031, 956, 1035, 957, 1036, 1032, 1036, 957, 958, 957, 1035, 961, 960, 1003, 962, 961, 966, 963, 1037, 964, 965, 964, 1038, 965, 1039, 967, 965, 1038, 1039, 968, 1040, 1041, 968, 969, 1040, 968, 1041, 1042, 982, 968, 1042, 898, 968, 982, 969, 1043, 1040, 969, 967, 1044, 969, 1044, 1043, 983, 1045, 970, 970, 1046, 971, 1047, 1048, 971, 971, 1048, 974, 972, 971, 974, 1049, 973, 975, 1049, 976, 973, 1048, 1050, 974, 974, 1051, 1052, 975, 974, 1052, 1049, 975, 1052, 1053, 976, 1054, 977, 976, 1053, 1049, 1054, 976, 1055, 977, 1053, 1056, 978, 977, 1056, 977, 1055, 1057, 979, 978, 1057, 978, 1056, 979, 1058, 981, 979, 1059, 1058, 1057, 1059, 979, 1019, 981, 1058, 1042, 1060, 982, 1060, 1061, 982, 1062, 1063, 982, 982, 1063, 983, 1064, 1045, 983, 841, 912, 984, 843, 842, 984, 843, 984, 913, 1065, 913, 984, 1066, 844, 913, 1067, 1066, 913, 1065, 1067, 913, 1068, 845, 844, 1066, 1068, 844, 1069, 914, 845, 1068, 1069, 845, 778, 916, 1070, 724, 715, 779, 1071, 989, 988, 1072, 989, 1071, 991, 783, 995, 994, 993, 995, 997, 921, 996, 1073, 998, 1074, 998, 997, 1074, 1075, 997, 996, 1074, 997, 1075, 925, 1076, 1000, 1001, 1076, 925, 1001, 1002, 1077, 1078, 1076, 1001, 1079, 1078, 1001, 1080, 1001, 1077, 1080, 1079, 1001, 1004, 928, 1081, 1005, 928, 1004, 928, 1006, 1081, 1006, 858, 1082, 1081, 1006, 1082, 1082, 858, 1083, 858, 1007, 1083, 1007, 929, 1084, 929, 1018, 1084, 1083, 1007, 1085, 1007, 1084, 1085, 931, 932, 1008, 932, 1086, 1008, 932, 931, 933, 931, 932, 933, 932, 933, 1086, 933, 932, 934, 935, 1087, 1009, 1012, 1088, 935, 1088, 1087, 935, 1012, 1089, 1090, 1012, 1011, 1089, 934, 860, 1091, 860, 1013, 1091, 1009, 1013, 936, 1092, 1093, 1015, 1015, 1016, 1094, 1094, 1016, 1095, 1095, 1016, 1017, 859, 1096, 1018, 930, 1097, 859, 859, 1097, 1096, 930, 1008, 1098, 1098, 1097, 930, 1099, 1019, 1058, 1100, 1019, 1099, 1100, 1020, 1019, 1100, 944, 1020, 944, 1100, 1101, 944, 1021, 946, 944, 1101, 1021, 1102, 1022, 1021, 1102, 1023, 1022, 1103, 1026, 1023, 1102, 1103, 1023, 1104, 949, 1025, 1105, 1024, 949, 1105, 949, 1104, 1024, 1106, 1027, 1105, 1106, 1024, 1026, 1104, 1025, 1026, 1103, 1107, 1108, 1026, 1107, 1108, 1104, 1026, 1106, 951, 1027, 951, 1109, 1029, 1106, 1109, 951, 1110, 1028, 1029, 1110, 1033, 1028, 1032, 1030, 1111, 1031, 1111, 1030, 1112, 1111, 1031, 1112, 1031, 1113, 1034, 1113, 1031, 1032, 1114, 1036, 1032, 1115, 1114, 1032, 1111, 1115, 1033, 1116, 1034, 1110, 1116, 1033, 1117, 1113, 1034, 1117, 1034, 1116, 959, 1003, 960, 961, 1003, 1004, 962, 966, 961, 1038, 1118, 1039, 967, 1119, 1120, 967, 1039, 1121, 967, 1121, 1119, 967, 1120, 1122, 967, 1122, 1123, 967, 1123, 1124, 967, 1124, 1044, 1040, 1125, 1041, 1125, 1126, 1041, 1041, 1127, 1042, 1128, 1045, 1064, 1129, 1130, 1045, 1045, 1131, 1129, 1132, 1046, 970, 1133, 971, 1046, 1134, 1050, 1048, 1049, 1135, 1054, 1049, 1052, 1135, 1051, 1136, 1052, 1137, 1136, 1051, 1052, 1138, 1135, 1053, 1054, 1139, 1140, 1053, 1139, 1141, 1053, 1140, 1055, 1053, 1141, 1139, 1054, 1135, 1055, 1141, 1142, 1055, 1142, 1143, 1056, 1055, 1143, 1056, 1143, 1144, 1057, 1056, 1144, 1057, 1145, 1059, 1057, 1144, 1145, 1146, 1099, 1058, 1147, 1058, 1059, 1147, 1146, 1058, 1147, 1059, 1148, 1148, 1059, 1145, 1149, 1150, 1063, 1151, 1063, 1062, 1152, 915, 914, 1069, 1152, 914, 1153, 916, 915, 1152, 1153, 915, 1154, 1070, 916, 1153, 1154, 916, 1155, 1156, 846, 1157, 846, 1070, 779, 985, 724, 1158, 782, 1159, 1160, 1072, 1161, 1160, 989, 1072, 1160, 1002, 989, 989, 1002, 1162, 989, 1162, 990, 1073, 1074, 1075, 1163, 1073, 1075, 1073, 1164, 998, 998, 1164, 999, 1077, 1002, 1160, 1165, 1080, 1077, 1165, 1077, 1160, 1078, 1166, 1167, 1078, 1167, 1076, 1168, 1166, 1078, 1169, 1168, 1078, 1079, 1169, 1078, 1085, 1084, 1170, 1084, 1018, 1170, 1171, 1085, 1172, 1085, 1170, 1172, 1083, 1085, 1171, 933, 1173, 1086, 933, 934, 1173, 934, 1091, 1173, 1009, 1087, 1088, 1090, 1089, 1174, 1090, 1175, 1012, 1176, 1013, 1009, 1009, 1087, 1176, 1088, 1087, 1009, 1015, 1094, 1177, 1178, 1092, 1015, 1177, 1094, 1179, 1179, 1094, 1180, 1180, 1094, 1095, 1100, 1099, 1101, 1181, 1099, 1146, 1181, 1101, 1099, 1101, 1102, 1021, 1181, 1102, 1101, 1107, 1102, 1182, 1103, 1102, 1107, 1181, 1182, 1102, 1183, 1105, 1104, 1184, 1106, 1105, 1184, 1105, 1183, 1107, 1185, 1186, 1107, 1182, 1185, 1187, 1107, 1186, 1108, 1107, 1187, 1106, 1188, 1109, 1106, 1189, 1188, 1184, 1189, 1106, 1109, 1188, 1029, 1190, 1029, 1188, 1190, 1110, 1029, 1110, 1191, 1116, 1190, 1191, 1110, 1115, 1111, 1192, 1112, 1192, 1111, 1193, 1192, 1112, 1194, 1112, 1113, 1194, 1193, 1112, 1117, 1194, 1113, 1115, 1195, 1114, 1115, 1196, 1195, 1115, 1197, 1196, 1115, 1192, 1197, 1198, 1117, 1116, 1199, 1116, 1191, 1199, 1198, 1116, 1200, 1194, 1117, 1200, 1117, 1198, 1081, 962, 961, 1081, 961, 1004, 966, 1082, 963, 966, 962, 1081, 963, 1083, 1037, 1201, 1060, 1042, 1041, 1202, 1127, 1040, 1043, 1203, 1204, 1205, 1040, 1040, 1203, 1204, 1206, 1207, 1135, 1135, 1207, 1208, 1139, 1135, 1208, 1137, 1209, 1136, 1210, 1135, 1138, 1211, 1139, 1208, 1211, 1140, 1139, 1140, 1212, 1213, 1141, 1140, 1213, 1211, 1212, 1140, 1141, 1213, 1142, 1214, 1143, 1142, 1214, 1142, 1215, 1216, 1142, 1213, 1216, 1215, 1142, 1143, 1217, 1144, 1218, 1217, 1143, 1214, 1218, 1143, 1217, 1219, 1144, 1220, 1144, 1219, 1220, 1145, 1144, 1148, 1145, 1221, 1220, 1221, 1145, 1182, 1146, 1185, 1147, 1185, 1146, 1181, 1146, 1182, 1147, 1148, 1185, 1185, 1148, 1186, 1186, 1148, 1222, 1148, 1221, 1222, 1223, 1060, 1201, 1224, 1149, 1063, 1154, 1157, 1070, 1225, 1226, 1156, 1155, 1225, 1156, 1226, 985, 1156, 994, 993, 987, 1227, 1160, 1161, 1227, 1165, 1160, 1228, 1073, 1163, 1228, 1164, 1073, 1229, 1164, 1228, 999, 1164, 1230, 1164, 1229, 1230, 1000, 1076, 1231, 1076, 1232, 1231, 1076, 1167, 1232, 1166, 1233, 1167, 1168, 1234, 1166, 1235, 1166, 1236, 1233, 1166, 1235, 1166, 1234, 1236, 1237, 1234, 1168, 1169, 1238, 1168, 1083, 1171, 1037, 1170, 1018, 1239, 1018, 1096, 1239, 1170, 1239, 1240, 1172, 1170, 1240, 1098, 1008, 1241, 1008, 1086, 1241, 1241, 1086, 1242, 1088, 1243, 1087, 1013, 1244, 1091, 1176, 1244, 1013, 1087, 1245, 1176, 1087, 1243, 1245, 1177, 1179, 1246, 1246, 1179, 1247, 1247, 1179, 1248, 1248, 1179, 1180, 1239, 1096, 1249, 1096, 1097, 1249, 1249, 1097, 1250, 1097, 1098, 1250, 1250, 1098, 1251, 1098, 1241, 1251, 1104, 1108, 1187, 1252, 1104, 1187, 1252, 1183, 1104, 1183, 1253, 1184, 1183, 1254, 1253, 1255, 1254, 1183, 1183, 1252, 1256, 1255, 1183, 1256, 1184, 1253, 1189, 1187, 1186, 1222, 1187, 1222, 1257, 1256, 1187, 1257, 1252, 1187, 1256, 1258, 1188, 1189, 1258, 1190, 1188, 1259, 1189, 1253, 1259, 1258, 1189, 1190, 1260, 1191, 1258, 1260, 1190, 1261, 1199, 1191, 1261, 1191, 1260, 1193, 1262, 1192, 1263, 1262, 1193, 1264, 1193, 1194, 1264, 1263, 1193, 1200, 1264, 1194, 1197, 1265, 1266, 1197, 1262, 1267, 1197, 1268, 1265, 1197, 1267, 1268, 1200, 1198, 1269, 1199, 1269, 1198, 1200, 1270, 1264, 1271, 1200, 1269, 1271, 1270, 1200, 966, 1081, 1082, 1082, 1083, 963, 1041, 1126, 1204, 1041, 1204, 1202, 1204, 1272, 1202, 1204, 1203, 1273, 1274, 1208, 1207, 1275, 1208, 1276, 1211, 1208, 1275, 1211, 1275, 1277, 1211, 1277, 1212, 1278, 1213, 1212, 1279, 1278, 1212, 1277, 1279, 1212, 1216, 1213, 1278, 1214, 1215, 1218, 1216, 1278, 1215, 1215, 1280, 1218, 1215, 1281, 1280, 1282, 1281, 1215, 1282, 1215, 1278, 1219, 1217, 1218, 1283, 1219, 1218, 1280, 1283, 1218, 1284, 1219, 1285, 1220, 1219, 1284, 1219, 1286, 1285, 1283, 1286, 1219, 1287, 1220, 1284, 1220, 1287, 1221, 1222, 1221, 1257, 1257, 1221, 1287, 1062, 1149, 1151, 1288, 1229, 1228, 1230, 1229, 1289, 1229, 1288, 1289, 1233, 1288, 1290, 1233, 1290, 1167, 1288, 1233, 1291, 1291, 1233, 1235, 1237, 1292, 1234, 1236, 1234, 1293, 1234, 1292, 1293, 1237, 1294, 1292, 1295, 1294, 1237, 1296, 1295, 1237, 1238, 1296, 1237, 1171, 964, 1037, 964, 1297, 1037, 1240, 1239, 1298, 1239, 1249, 1298, 1171, 1299, 1300, 1172, 1299, 1171, 1171, 1300, 964, 1172, 1301, 1299, 1251, 1241, 1302, 1241, 1242, 1302, 1242, 1086, 1303, 1086, 1173, 1303, 1302, 1242, 1304, 1242, 1303, 1304, 1175, 1088, 1012, 1305, 1088, 1175, 1303, 1173, 1306, 1173, 1091, 1306, 1306, 1091, 1244, 1176, 1307, 1244, 1307, 1176, 1245, 1246, 1247, 1308, 1309, 1246, 1308, 1308, 1247, 1310, 1310, 1247, 1311, 1311, 1247, 1248, 1298, 1249, 1312, 1249, 1250, 1312, 1312, 1250, 1313, 1250, 1251, 1313, 1313, 1251, 1314, 1251, 1302, 1314, 1315, 1253, 1254, 1259, 1253, 1315, 1255, 1316, 1254, 1317, 1254, 1316, 1317, 1315, 1254, 1256, 1316, 1255, 1256, 1318, 1316, 1284, 1318, 1256, 1256, 1257, 1287, 1256, 1287, 1284, 1258, 1319, 1260, 1259, 1319, 1258, 1259, 1315, 1320, 1259, 1320, 1319, 1261, 1260, 1319, 1261, 1269, 1199, 1261, 1321, 1269, 1263, 1267, 1262, 1263, 1322, 1267, 1323, 1322, 1263, 1323, 1263, 1264, 1323, 1264, 1270, 1322, 1268, 1267, 1268, 1324, 1325, 1322, 1326, 1268, 1271, 1269, 1327, 1328, 1270, 1271, 1328, 1323, 1270, 1329, 1271, 1327, 1328, 1271, 1329, 1126, 1330, 1204, 1330, 1205, 1204, 1064, 1129, 1045, 1331, 1276, 1332, 1331, 1275, 1276, 1333, 1277, 1275, 1331, 1333, 1275, 1277, 1334, 1279, 1277, 1333, 1334, 1279, 1335, 1278, 1282, 1278, 1335, 1279, 1336, 1335, 1279, 1337, 1336, 1279, 1334, 1337, 1280, 1338, 1339, 1280, 1286, 1283, 1280, 1339, 1286, 1280, 1281, 1338, 1281, 1340, 1338, 1281, 1341, 1342, 1281, 1342, 1340, 1282, 1341, 1281, 1282, 1335, 1341, 1284, 1285, 1318, 1286, 1318, 1285, 1286, 1339, 1318, 1149, 983, 1150, 1290, 1228, 1163, 1288, 1228, 1290, 1289, 1288, 1291, 1232, 1167, 1290, 1293, 1292, 1343, 1292, 1294, 1343, 1295, 1344, 1294, 1343, 1294, 1345, 1294, 1344, 1345, 1346, 1344, 1295, 1347, 1346, 1295, 1296, 1347, 1295, 1300, 1038, 964, 1299, 1301, 1300, 1301, 1348, 1300, 1300, 1348, 1038, 1314, 1302, 1349, 1302, 1304, 1349, 1304, 1303, 1350, 1303, 1306, 1350, 1304, 1350, 1351, 1349, 1304, 1351, 1350, 1306, 1352, 1306, 1244, 1352, 1352, 1244, 1353, 1353, 1244, 1354, 1244, 1307, 1354, 1307, 1245, 1354, 1354, 1245, 1355, 1245, 1356, 1355, 1245, 1243, 1356, 1243, 1357, 1356, 1308, 1310, 1358, 1359, 1308, 1358, 1358, 1310, 1360, 1360, 1310, 1361, 1361, 1310, 1311, 1362, 1320, 1315, 1363, 1315, 1317, 1363, 1362, 1315, 1339, 1317, 1316, 1339, 1316, 1318, 1364, 1317, 1339, 1364, 1363, 1317, 1365, 1261, 1319, 1365, 1319, 1320, 1365, 1320, 1362, 1365, 1321, 1261, 1366, 1327, 1269, 1366, 1269, 1321, 1367, 1366, 1321, 1367, 1321, 1362, 1365, 1362, 1321, 1368, 1326, 1322, 1369, 1368, 1322, 1323, 1369, 1322, 1328, 1369, 1323, 1368, 1370, 1326, 1371, 1329, 1327, 1371, 1327, 1366, 1329, 1372, 1373, 1371, 1372, 1329, 1374, 1328, 1329, 1374, 1329, 1373, 1121, 1375, 1119, 1204, 1273, 1272, 1046, 1376, 1133, 1331, 1377, 1333, 1331, 1332, 1378, 1331, 1378, 1377, 1377, 1334, 1333, 1377, 1337, 1334, 1335, 1336, 1341, 1336, 1379, 1380, 1336, 1380, 1342, 1336, 1381, 1379, 1336, 1342, 1341, 1336, 1337, 1381, 1382, 1381, 1337, 1377, 1382, 1337, 1338, 1364, 1339, 1338, 1340, 1364, 1340, 1383, 1363, 1340, 1363, 1364, 1384, 1383, 1340, 1340, 1385, 1384, 1340, 1342, 1385, 1386, 1385, 1342, 1380, 1386, 1342, 1201, 1061, 1223, 1290, 1163, 1232, 1358, 1344, 1346, 1358, 1360, 1344, 1345, 1344, 1387, 1344, 1360, 1387, 1388, 1358, 1346, 1347, 1388, 1346, 1038, 1348, 1121, 1039, 1118, 1038, 1301, 1389, 1348, 1375, 1348, 1389, 1348, 1375, 1121, 1351, 1350, 1390, 1350, 1352, 1390, 1243, 1305, 1357, 1390, 1352, 1391, 1352, 1353, 1391, 1391, 1353, 1392, 1353, 1354, 1392, 1392, 1354, 1355, 1393, 1392, 1355, 1393, 1355, 1356, 1394, 1356, 1357, 1394, 1393, 1356, 1388, 1359, 1358, 1387, 1360, 1361, 1395, 1396, 1362, 1383, 1395, 1362, 1383, 1362, 1363, 1397, 1371, 1366, 1397, 1366, 1367, 1396, 1367, 1362, 1397, 1367, 1396, 1369, 1398, 1368, 1399, 1370, 1368, 1399, 1368, 1398, 1400, 1398, 1369, 1400, 1369, 1328, 1371, 1401, 1372, 1397, 1401, 1371, 1400, 1328, 1374, 1402, 1373, 1372, 1403, 1402, 1372, 1403, 1372, 1401, 1402, 1404, 1373, 1400, 1373, 1404, 1400, 1374, 1373, 1405, 1375, 1406, 1407, 1375, 1405, 1406, 1375, 1389, 1375, 1407, 1119, 1407, 1120, 1119, 1377, 1408, 1382, 1377, 1378, 1408, 1409, 1410, 1379, 1409, 1379, 1381, 1380, 1379, 1410, 1380, 1410, 1386, 1382, 1409, 1381, 1382, 1408, 1411, 1382, 1411, 1409, 1384, 1395, 1383, 1384, 1412, 1395, 1384, 1385, 1412, 1413, 1412, 1385, 1386, 1413, 1385, 1386, 1414, 1413, 1415, 982, 1061, 1395, 1397, 1396, 1395, 1412, 1416, 1395, 1416, 1397, 1397, 1417, 1401, 1397, 1416, 1417, 1418, 1399, 1398, 1404, 1418, 1398, 1400, 1404, 1398, 1418, 1419, 1399, 1420, 1403, 1401, 1420, 1401, 1417, 1402, 1421, 1404, 1422, 1402, 1403, 1422, 1421, 1402, 1423, 1403, 1420, 1423, 1422, 1403, 1421, 1418, 1404, 1424, 1425, 1405, 1425, 1407, 1405, 1407, 1425, 1120, 1409, 1426, 1427, 1409, 1427, 1428, 1409, 1428, 1410, 1428, 1429, 1410, 1386, 1410, 1429, 1409, 1411, 1426, 1386, 1429, 1414, 1430, 1416, 1412, 1413, 1430, 1412, 1414, 1430, 1413, 1414, 1431, 1430, 1414, 1432, 1431, 1414, 1429, 1432, 1433, 1417, 1416, 1430, 1433, 1416, 1433, 1420, 1417, 1418, 1434, 1435, 1418, 1436, 1434, 1421, 1436, 1418, 1437, 1420, 1433, 1437, 1423, 1420, 1421, 1438, 1436, 1422, 1438, 1421, 1422, 1439, 1438, 1423, 1439, 1422, 1423, 1440, 1439, 1437, 1440, 1423, 1441, 1442, 1424, 1442, 1425, 1424, 1425, 1442, 1122, 1443, 1444, 1273, 1427, 1426, 1445, 1427, 1445, 1446, 1428, 1432, 1429, 1431, 1433, 1430, 1447, 1448, 1432, 1428, 1447, 1432, 1431, 1432, 1448, 1431, 1437, 1433, 1449, 1434, 1436, 1449, 1450, 1434, 1449, 1436, 1438, 1437, 1448, 1440, 1431, 1448, 1437, 1451, 1449, 1438, 1451, 1438, 1439, 1452, 1451, 1439, 1452, 1439, 1440, 1453, 1452, 1440, 1453, 1440, 1448, 1454, 1442, 1441, 1444, 1443, 1455, 1455, 1443, 1456, 1443, 1457, 1456, 1458, 1444, 1455, 1459, 1444, 1458, 1427, 1446, 1428, 1446, 1460, 1428, 1446, 1445, 1461, 1446, 1461, 1460, 1460, 1447, 1428, 1447, 1453, 1448, 1462, 1453, 1447, 1460, 1462, 1447, 1463, 1450, 1449, 1464, 1449, 1451, 1465, 1464, 1451, 1465, 1451, 1452, 1462, 1452, 1453, 1466, 1465, 1452, 1466, 1452, 1462, 1467, 1468, 1454, 1468, 1442, 1454, 1442, 1468, 1124, 1442, 1124, 1123, 1456, 1457, 1467, 1457, 1469, 1467, 1469, 1457, 1043, 1470, 1471, 1458, 1471, 1459, 1458, 1460, 1461, 1472, 1462, 1472, 1473, 1460, 1472, 1462, 1463, 1474, 1475, 1464, 1474, 1463, 1464, 1476, 1474, 1465, 1476, 1464, 1465, 1477, 1476, 1466, 1477, 1465, 1462, 1473, 1466, 1466, 1473, 1477, 1469, 1468, 1467, 1468, 1469, 1044, 1468, 1044, 1124, 1478, 1470, 1479, 1478, 1471, 1470, 1471, 1478, 1042, 1479, 1480, 1478, 1478, 1480, 982, 1042, 1478, 982, 1479, 1481, 1480, 1481, 1482, 1480, 1480, 1482, 1064, 982, 1480, 1064, 1481, 1483, 1482, 1483, 1484, 1482, 1482, 1484, 970, 1064, 1482, 970, 1483, 1485, 1484, 1483, 1486, 1485, 1485, 1487, 1484, 970, 1484, 1047, 1485, 1488, 1487, 1488, 1489, 1487, 1487, 1489, 974, 1047, 1487, 974, 1488, 1490, 1489, 1490, 1491, 1489, 1489, 1491, 1052, 1490, 1492, 1491, 1492, 1493, 1491, 1052, 1491, 1135, 1052, 1136, 1209, 1492, 1494, 1493, 1494, 1495, 1493, 1494, 1496, 1495, 1497, 1495, 1496, 1495, 1276, 1208, 1497, 1496, 1498]
        point3f[] points = [(50.463863, -50.11063, -76.28057), (52.633595, -43.24128, -65.819), (52.020535, -45.381428, -75.65806), (52.33758, -44.322235, -71.04868), (50.12851, -50.94058, -70.591034), (51.17718, -47.670197, -86.26335), (49.250706, -53.245, -88.84817), (48.09292, -56.491356, -84.45015), (48.71877, -54.773487, -72.48528), (51.765827, -45.79709, -63.15755), (51.59639, -46.58738, -81.25456), (52.16977, -44.86209, -73.58797), (51.13537, -47.480858, -60.856815), (49.099285, -53.44065, -65.814186), (50.812244, -48.482567, -90.20965), (46.96672, -58.918297, -92.81104), (49.06573, -53.22624, -92.76853), (46.413937, -60.542618, -90.30732), (46.13944, -61.295094, -83.10275), (47.13856, -58.5969, -70.74928), (50.555767, -48.947144, -58.42441), (47.293575, -57.019997, -56.143257), (50.501694, -48.976513, -92.92909), (48.222614, -54.134346, -97.31857), (46.850967, -58.28289, -97.01538), (43.722855, -66.373085, -100.52504), (50.210472, -49.326992, -94.948006), (44.474564, -64.98798, -94.65143), (43.998043, -66.01816, -81.76234), (46.071945, -59.85952, -57.002705), (45.644474, -61.640068, -65.95225), (42.841774, -67.83363, -71.336136), (50.00127, -50.150978, -55.55172), (46.731995, -56.659737, -44.231716), (48.981956, -51.92728, -48.452106), (45.848614, -58.664642, -44.694077), (49.24778, -51.376633, -50.732178), (49.53856, -51.05109, -52.708527), (46.896996, -56.9319, -99.48233), (45.04738, -62.54118, -100.71864), (45.95727, -58.63539, -101.6244), (42.407322, -69.38798, -99.11982), (41.90027, -70.31547, -103.114975), (43.773533, -65.81075, -103.50905), (49.81964, -49.659016, -97.10917), (49.022343, -49.97172, -100.602516), (48.076706, -53.142494, -99.87663), (43.23729, -67.75067, -90.39641), (41.58227, -71.11395, -90.91174), (40.937298, -72.07532, -84.14424), (44.717945, -61.99436, -51.29115), (41.826122, -68.73025, -60.660187), (40.378128, -72.67191, -76.526184), (46.48991, -54.887238, -31.808962), (48.19809, -52.3008, -38.958786), (48.376812, -52.391495, -41.831863), (48.579723, -52.284893, -44.31243), (44.84645, -59.67198, -38.419304), (42.710957, -65.04404, -45.512123), (45.781914, -56.928032, -103.81924), (46.79241, -53.619812, -103.77345), (44.570606, -62.72772, -103.89881), (42.95546, -67.88378, -104.80616), (42.06356, -69.74688, -107.88055), (41.387157, -71.249565, -97.076584), (48.257076, -50.11888, -103.16598), (41.1617, -71.77725, -88.17766), (40.78157, -72.26039, -81.53532), (40.4217, -72.52307, -74.14292), (40.1933, -72.67139, -71.01126), (39.76692, -73.16868, -68.851364), (40.417786, -70.472595, -54.730846), (43.225216, -61.47566, -31.315815), (44.926033, -56.71902, -25.059156), (45.917442, -53.45795, -20.336248), (47.823963, -50.628605, -26.70558), (47.841106, -51.202164, -29.32174), (47.909664, -51.611477, -31.992388), (48.06925, -52.128407, -36.408974), (40.50068, -68.7551, -44.3441), (45.476177, -55.512012, -105.68413), (44.83194, -60.715515, -104.45299), (44.41872, -59.910446, -106.28485), (43.924637, -62.50108, -107.236084), (43.56114, -65.65501, -106.515396), (43.14236, -66.46966, -108.71782), (42.646694, -67.71131, -110.77936), (41.301804, -71.19037, -99.77519), (40.894672, -71.83954, -93.52903), (40.37695, -72.69309, -79.05985), (38.838184, -74.148445, -64.01307), (39.148655, -72.25082, -52.905445), (43.413265, -57.904358, -17.54474), (40.545918, -66.779686, -34.10618), (40.01683, -65.44696, -23.962328), (41.99571, -59.76428, -14.4176855), (45.53152, -52.427464, -13.422899), (47.788414, -49.09784, -20.480701), (47.805546, -49.637184, -22.568518), (38.735382, -71.70988, -45.660805), (38.85921, -69.626114, -35.3714), (47.44582, -50.09401, -105.40413), (45.800915, -51.93824, -107.48503), (44.44575, -56.271313, -107.599945), (43.062412, -63.23272, -110.56116), (43.27619, -60.309933, -109.38846), (42.450027, -67.06707, -113.81612), (41.916264, -69.70693, -110.81726), (41.238377, -69.84781, -115.24158), (42.86884, -65.079315, -111.66334), (37.316875, -75.55058, -62.008297), (38.907722, -73.99893, -66.999115), (36.82339, -76.28998, -59.716007), (37.43967, -73.510475, -45.726192), (43.283825, -54.334732, -4.198439), (37.82867, -69.57329, -28.30808), (40.20351, -61.278275, -8.640252), (38.237972, -66.29217, -16.638645), (45.496613, -50.093605, -5.6241374), (47.576122, -46.65297, -10.246493), (47.709694, -47.88899, -15.594043), (46.49975, -49.964985, -107.60085), (43.779892, -54.447166, -109.7417), (43.45578, -57.09654, -109.34415), (42.30829, -58.910915, -111.44787), (42.135433, -62.19252, -113.054436), (41.960342, -68.203575, -117.17515), (42.086334, -64.94501, -115.521324), (40.283905, -71.514244, -102.64214), (40.070477, -72.09309, -95.527), (40.00658, -72.41405, -90.96352), (39.333786, -72.72339, -88.12241), (35.878227, -77.3274, -57.136936), (35.9164, -74.78458, -42.477688), (40.214348, -58.15393, 1.6816484), (42.420815, -52.866398, 5.4618793), (45.056797, -48.5008, 1.9619988), (35.570568, -73.568985, -34.607468), (34.76737, -72.20462, -24.64492), (35.37023, -69.788536, -17.080763), (38.381897, -62.84011, -4.4519525), (47.285484, -44.713684, -2.425216), (47.42342, -45.4868, -6.088294), (45.445496, -49.668877, -109.70296), (43.348618, -52.678505, -111.22938), (41.926662, -56.256752, -112.28722), (41.23346, -58.06479, -113.39224), (40.083885, -58.336273, -115.432076), (40.001617, -71.89034, -98.42268), (39.432777, -71.08412, -108.19303), (40.198906, -70.90343, -110.11045), (41.46669, -69.946495, -113.17538), (41.46917, -67.780014, -121.14413), (40.190025, -69.414696, -121.27394), (41.81195, -67.45337, -119.0527), (33.94563, -77.068016, -43.820633), (34.709312, -78.4028, -55.680542), (38.57331, -73.53519, -76.908195), (38.506165, -73.742775, -73.685524), (40.204372, -53.960377, 13.866998), (38.437733, -59.17539, 7.2531776), (42.332134, -48.172844, 17.8911), (44.693386, -45.573753, 11.629603), (46.90581, -42.882607, 4.885696), (32.35182, -76.506645, -34.637627), (33.576004, -73.86289, -27.191372), (33.075565, -72.95856, -21.526882), (36.436752, -65.41324, -4.8026514), (33.80983, -69.80892, -11.233084), (37.408318, -60.888405, 6.379359), (43.831207, -49.04138, -112.41401), (41.888252, -52.704716, -113.271385), (40.489506, -56.542824, -114.527855), (40.46013, -69.97878, -117.4728), (38.79315, -73.01694, -84.22007), (38.48791, -73.38218, -79.09612), (38.197605, -73.91209, -71.447174), (36.69566, -75.188995, -63.968315), (36.905167, -74.57955, -66.32996), (33.30456, -79.50852, -54.13687), (40.154167, -51.007427, 21.616539), (38.290237, -55.83094, 17.513088), (35.35285, -58.720062, 20.657322), (40.517597, -47.817074, 27.243979), (41.636063, -45.49981, 27.104042), (44.37884, -43.44073, 18.1903), (45.989445, -39.691124, 17.442024), (46.335014, -40.714462, 13.319858), (46.779057, -42.30728, 7.0029125), (29.834658, -79.211555, -39.305126), (31.551006, -76.30032, -31.010786), (31.330832, -73.83903, -19.882017), (34.375183, -67.654106, -5.088873), (35.541355, -62.81407, 7.523902), (33.76668, -66.512115, 1.0976272), (32.0135, -69.697395, -5.4068785), (34.62772, -61.30701, 15.427492), (42.689175, -48.47208, -114.07364), (41.111324, -50.243652, -115.05418), (40.478237, -52.35012, -115.11772), (39.828083, -54.53743, -115.54904), (39.110348, -56.342377, -116.57548), (41.4008, -64.88624, -118.73908), (41.295837, -65.774605, -120.9337), (29.186459, -68.75256, -103.31299), (29.680025, -69.101845, -100.903175), (30.030184, -69.441284, -98.16799), (39.398666, -70.66024, -112.786804), (27.293718, -67.71172, -109.211136), (28.472153, -68.32173, -105.964584), (39.345924, -69.95662, -119.393), (30.17471, -69.9478, -92.93575), (30.007605, -70.123375, -90.4632), (29.617294, -70.262695, -87.71611), (29.121632, -70.34542, -85.283455), (31.8541, -80.44443, -52.78324), (32.001553, -78.90451, -44.836006), (35.155724, -73.35051, -70.0007), (28.306936, -70.37967, -82.4229), (39.251804, -49.956005, 27.948044), (37.84961, -53.05007, 26.417976), (36.44659, -55.86616, 24.5494), (35.030785, -54.693817, 32.373127), (32.77375, -58.81062, 28.174809), (40.78843, -42.886524, 35.89786), (38.42722, -47.29281, 36.880413), (43.15004, -40.165306, 30.658445), (44.809845, -36.45092, 29.52405), (45.2546, -37.495342, 25.45478), (45.822033, -39.050125, 19.55483), (29.344997, -81.65852, -49.81923), (27.3028, -82.19686, -49.481606), (29.888412, -77.47072, -31.597546), (27.83076, -79.42938, -35.638687), (30.324526, -70.57078, -4.5219584), (33.33727, -63.763844, 11.647798), (31.355951, -65.95311, 9.595967), (32.29174, -63.098103, 16.649462), (37.62147, -52.092148, -118.299866), (38.51847, -48.63786, -118.05885), (41.087166, -47.640404, -116.11176), (30.195017, -69.70615, -95.70331), (29.821096, -65.76981, -103.70358), (30.519411, -66.26329, -100.30234), (30.909576, -66.6785, -96.84012), (25.826982, -67.03517, -112.32581), (28.81974, -65.20179, -107.01845), (27.80922, -64.70048, -109.558586), (26.769518, -64.22114, -111.76362), (30.987717, -67.01165, -93.34819), (30.75356, -67.259796, -89.85732), (30.208763, -67.42109, -86.3951), (29.629093, -67.4794, -83.98052), (35.339306, -73.60968, -67.87359), (36.978825, -74.01466, -69.328156), (34.51468, -75.9948, -61.200287), (34.66801, -77.54219, -58.757557), (29.691687, -81.3064, -51.86056), (32.1599, -79.30728, -55.94023), (33.051388, -73.1656, -65.68466), (26.274818, -69.981544, -80.70156), (29.0402, -67.49398, -82.026695), (27.388073, -67.18325, -80.48272), (35.786743, -51.360043, 37.734398), (34.365837, -52.61029, 39.400738), (32.790016, -54.90567, 38.39899), (31.060741, -60.7722, 26.792547), (31.275238, -55.706276, 40.265003), (37.89465, -45.860107, 41.68926), (39.433228, -39.48802, 47.017212), (42.135838, -38.156303, 38.54249), (36.505993, -48.245266, 41.920048), (43.89083, -34.349274, 37.10533), (44.55234, -35.754925, 31.81764), (43.352303, -33.35983, 40.947834), (25.458622, -82.46766, -48.411747), (26.627377, -79.084, -31.962877), (27.646215, -75.344795, -17.983803), (28.32499, -71.361, -3.5277529), (29.468462, -66.96751, 10.228015), (30.144999, -62.923508, 22.23765), (37.174973, -47.918034, -119.35842), (36.65756, -50.58705, -119.36401), (39.619907, -46.80563, -117.7547), (40.98719, -67.69837, -123.502144), (40.645073, -66.638176, -125.40652), (24.084713, -66.29801, -115.28155), (25.05543, -63.490257, -114.73445), (39.60558, -69.221825, -123.412544), (35.057724, -73.9589, -65.4509), (33.35081, -78.45356, -57.375034), (32.122417, -73.17263, -63.01798), (33.441185, -52.168564, 43.130096), (29.365026, -57.806442, 38.830944), (28.991379, -61.34563, 29.347084), (31.184746, -53.363007, 46.21091), (36.660713, -46.257412, 45.268368), (35.610783, -48.74291, 43.927082), (36.962162, -43.578274, 49.074467), (36.251976, -42.385464, 53.454857), (37.90449, -36.32884, 57.033638), (40.599064, -34.934612, 49.5111), (42.398308, -31.435911, 47.33395), (41.635143, -30.29192, 51.866108), (24.335411, -82.87546, -46.594097), (22.990414, -83.026115, -44.687916), (24.755713, -79.20192, -29.859499), (23.729881, -76.292786, -16.720304), (25.495468, -73.725266, -8.431934), (27.471113, -67.80748, 10.799191), (25.465929, -70.54615, 3.6887753), (28.258427, -64.05428, 22.232851), (38.012337, -45.744373, -119.35736), (34.732155, -46.44955, -121.444824), (36.69476, -68.736824, -126.068695), (22.08313, -65.50709, -118.05081), (23.079231, -62.704487, -117.523544), (34.88926, -75.06988, -62.957394), (30.40841, -72.901245, -60.85744), (32.739098, -74.494606, -60.532166), (28.216608, -72.539215, -58.308643), (25.148117, -71.816185, -56.731876), (9.135625, -65.66064, -76.96728), (12.576523, -66.2063, -81.32024), (14.577961, -66.536026, -83.7132), (10.947532, -65.96945, -79.01831), (33.733364, -49.95531, 47.141262), (27.782558, -57.64701, 42.2222), (27.21134, -63.467293, 25.859259), (29.159954, -55.8219, 44.54092), (32.09505, -51.603184, 48.029045), (30.553684, -52.7338, 49.15383), (35.488056, -46.900387, 47.90979), (34.219242, -47.38512, 50.867477), (34.9296, -42.49315, 57.37258), (34.704872, -44.68544, 54.393467), (34.33008, -38.448837, 65.18233), (36.09628, -33.172363, 66.73558), (35.140858, -39.91333, 60.718605), (38.870384, -31.890064, 59.56466), (42.842518, -32.22959, 44.482525), (40.45775, -28.360914, 58.333363), (39.425026, -26.936361, 63.366173), (20.843977, -82.911545, -44.872288), (20.879103, -80.865074, -33.47425), (22.901897, -78.26613, -24.069004), (19.549133, -78.524, -22.95337), (22.56227, -72.62153, -1.2855304), (20.93483, -75.26293, -10.448956), (23.543585, -69.34999, 10.095812), (23.779188, -67.32216, 17.163656), (32.905834, -48.880085, -122.666664), (36.460377, -44.674263, -120.742744), (34.3818, -43.152607, -122.384865), (39.49583, -68.167854, -126.50654), (37.19246, -68.29886, -128.16905), (34.80091, -68.03557, -128.25934), (19.83873, -64.66884, -120.611664), (21.33082, -62.045654, -119.583115), (32.92412, -76.438835, -59.444798), (30.73591, -73.60472, -58.944767), (27.153929, -72.751526, -55.649254), (22.427694, -71.41725, -53.221237), (24.164125, -71.763374, -54.625507), (14.817825, -69.75463, -48.52063), (7.0381293, -65.256424, -75.11482), (11.916353, -63.11573, -78.98027), (13.500377, -63.337563, -81.313095), (15.331185, -63.64763, -83.40841), (31.103466, -50.428944, 53.01624), (25.465786, -60.004425, 39.00842), (23.344856, -59.931847, 41.80647), (26.06692, -58.0445, 43.864426), (24.966108, -64.47132, 25.56362), (23.501442, -62.63055, 33.19017), (27.713974, -55.979492, 46.86875), (30.11362, -50.471046, 55.21668), (32.68454, -47.359844, 55.231625), (33.008095, -45.122482, 58.478024), (33.285843, -43.704647, 60.14275), (32.118458, -43.237926, 64.01381), (32.712635, -38.6047, 69.39552), (31.938974, -41.339428, 67.48101), (32.669594, -36.146996, 72.73999), (34.093952, -30.18204, 75.64717), (36.909, -28.917374, 69.05784), (38.37026, -25.472353, 68.12768), (37.596416, -24.563745, 71.30976), (26.63873, -81.058754, -51.156197), (19.488365, -83.06209, -43.395958), (18.760015, -80.739914, -31.884825), (16.591782, -79.65165, -26.642607), (17.60427, -77.36348, -17.509604), (17.630764, -74.233315, -4.9287453), (20.78046, -70.00717, 9.838841), (18.01105, -71.76585, 4.496001), (21.302448, -65.152275, 26.736162), (19.657364, -67.20188, 20.645596), (35.38693, -67.36339, -131.03639), (30.976555, -66.438484, -133.69255), (17.369938, -63.790085, -122.94282), (19.658262, -61.43667, -121.317116), (31.26543, -77.27804, -57.376114), (29.698454, -79.61714, -54.538902), (20.630793, -71.048, -51.89248), (18.776217, -70.65572, -50.645065), (16.877974, -70.24378, -49.485435), (10.9131775, -68.88755, -46.533978), (12.942145, -69.3588, -47.427204), (8.761024, -68.34688, -45.849007), (4.8183217, -64.79343, -73.54976), (2.4593935, -64.26513, -72.29236), (0.16601919, -63.725723, -71.35877), (8.050154, -62.419003, -75.026215), (23.335604, -60.84117, 39.001728), (21.382177, -59.59989, 44.682228), (23.793346, -58.346737, 45.986572), (19.423058, -64.28874, 30.895418), (21.091288, -61.513245, 38.935135), (26.104277, -55.617973, 50.43454), (25.377731, -56.665115, 48.695843), (27.855536, -53.90995, 51.858955), (27.577513, -52.271576, 56.309425), (31.818062, -47.208546, 57.767864), (30.390482, -49.29214, 57.103672), (30.967072, -47.111595, 60.050587), (30.943813, -44.866234, 64.227715), (30.994646, -41.56919, 69.48182), (31.280369, -38.68212, 72.95263), (29.370218, -44.296726, 68.80315), (29.329845, -38.87844, 77.21513), (31.84414, -34.308514, 77.00865), (31.64402, -31.396791, 80.646675), (32.347034, -27.895388, 82.27827), (34.774765, -26.102236, 77.747406), (36.219685, -22.828924, 76.68406), (35.364838, -21.947273, 79.69539), (20.824434, -81.38294, -46.59334), (17.259186, -83.00703, -41.55909), (14.541781, -82.740875, -39.52974), (12.268478, -82.476585, -39.495564), (12.934997, -79.10655, -24.01408), (13.213927, -75.678986, -9.960137), (13.1726885, -72.61274, 2.2187011), (16.408304, -67.08366, 22.426357), (13.694002, -70.11598, 11.798449), (17.80401, -65.49584, 27.560896), (37.23005, -66.507965, -130.74768), (34.023304, -66.72221, -132.84781), (27.495075, -65.07551, -137.40262), (29.85107, -65.59579, -136.24028), (18.182484, -62.35196, -141.51524), (14.696693, -62.87822, -125.02508), (17.647379, -60.73131, -123.09925), (15.753592, -60.08543, -124.57257), (29.434593, -74.47108, -56.3158), (22.894869, -72.61494, -51.01659), (20.767393, -71.8364, -49.87609), (1.3869756, -66.73135, -42.890503), (3.5346837, -67.15609, -43.7925), (-0.7980338, -66.17047, -42.527687), (-2.4570994, -63.076607, -70.650795), (-4.5958815, -62.52624, -70.309586), (17.171377, -71.39464, -47.272465), (15.167846, -70.94639, -46.196926), (12.800241, -70.07041, -45.419006), (3.9613523, -61.544617, -72.384094), (5.8356166, -61.958397, -73.450806), (0.24443653, -60.669106, -70.88483), (19.667019, -61.150887, 41.14547), (22.374474, -57.358814, 50.428444), (16.306726, -62.424355, 38.644802), (23.979319, -56.156914, 51.947186), (25.012587, -54.147423, 55.880215), (27.798265, -51.222435, 58.312008), (25.988398, -52.53335, 58.404934), (28.835579, -48.997467, 61.07345), (29.182814, -46.85641, 64.58606), (27.515736, -46.666214, 68.34073), (29.413269, -42.979046, 70.908066), (29.421522, -41.636448, 73.01135), (27.275063, -45.642956, 70.721405), (26.891813, -40.63427, 79.78138), (26.423239, -42.535282, 77.71425), (29.630737, -37.112236, 78.8795), (27.215303, -43.41944, 74.76775), (29.848457, -35.35711, 80.51752), (28.785519, -35.642063, 82.53146), (30.126688, -32.422363, 83.13279), (30.332903, -29.38751, 85.6508), (30.31211, -25.527472, 88.975174), (32.71444, -23.711487, 84.91136), (34.059692, -20.472721, 84.077896), (33.353607, -19.68992, 86.247505), (24.854109, -80.74874, -49.98499), (18.802402, -81.4144, -45.166355), (9.697835, -82.25805, -37.64352), (5.5932307, -80.02866, -28.256678), (8.539493, -77.50521, -17.334097), (2.9193141, -73.8159, -2.7373207), (3.6361606, -70.18117, 11.767603), (12.199546, -66.14749, 26.645264), (12.414816, -63.210896, 37.025208), (3.330847, -68.02844, 19.99528), (39.790043, -65.54897, -127.624695), (39.01496, -67.207115, -128.43211), (32.457455, -65.39407, -135.4451), (23.778708, -64.022064, -139.30171), (25.678907, -64.45593, -138.81842), (23.217096, -63.390278, -141.19429), (21.243086, -62.745556, -142.41158), (18.289791, -61.87416, -143.84857), (15.869823, -61.47343, -143.78958), (14.835166, -60.73443, -145.57333), (12.246712, -59.698097, -146.98865), (10.049364, -59.039886, -147.69966), (1.4870332, -57.056767, -148.4869), (11.843292, -61.941254, -126.83921), (9.722977, -61.266644, -127.944916), (7.278861, -60.506424, -129.025), (5.0239987, -59.823505, -129.81429), (12.917354, -59.150734, -126.41387), (30.259178, -78.24809, -55.929314), (31.257685, -75.31818, -58.014843), (27.555832, -79.87427, -52.68253), (24.696688, -72.97803, -52.430626), (19.128962, -71.82242, -48.435448), (11.039081, -69.99185, -44.31764), (8.681572, -69.10212, -43.764835), (-5.2022843, -65.01237, -42.10187), (-2.99578, -65.597084, -42.264713), (-7.411024, -64.41823, -42.039116), (-9.617248, -63.815704, -42.077435), (-11.817989, -63.205345, -42.217243), (-15.157302, -61.969864, -44.42527), (-6.750463, -61.952744, -70.17893), (-8.904131, -61.360664, -70.25974), (5.4433436, -67.58459, -44.53416), (-1.8619617, -60.144474, -70.35452), (-4.0025063, -59.592026, -70.03188), (15.840718, -60.916325, 43.81038), (17.095533, -59.87535, 46.65139), (19.712475, -58.038548, 50.748375), (23.182346, -55.53929, 54.59244), (20.173853, -56.48526, 54.945435), (23.985092, -52.981056, 60.26296), (22.002829, -54.632057, 58.368156), (26.769472, -51.151196, 60.335094), (27.55564, -48.43364, 64.76828), (25.81732, -49.21345, 66.24491), (25.112415, -48.805546, 68.2515), (25.544178, -47.52499, 70.20667), (25.496424, -46.28282, 72.733955), (27.2395, -39.038364, 81.39429), (24.845682, -40.561108, 83.65458), (23.55845, -43.238766, 81.4681), (25.152918, -44.708508, 76.25599), (27.597979, -36.601032, 83.85862), (27.928043, -33.392303, 86.87529), (28.38266, -30.082895, 89.243546), (27.111628, -29.040226, 92.74177), (27.944363, -23.084934, 95.678535), (30.453005, -21.354023, 91.71719), (30.473124, -17.085178, 94.31203), (22.883957, -81.18312, -48.2241), (15.179968, -81.25759, -42.926437), (13.543552, -81.83151, -41.57192), (17.03479, -81.37259, -44.018772), (7.587788, -81.97719, -37.459213), (6.3720956, -76.921555, -28.927887), (5.7962294, -76.46377, -27.050787), (4.641672, -79.53495, -26.287796), (-3.6391525, -77.1053, -17.869526), (-0.33635485, -75.99685, -12.308576), (-2.2120311, -73.75912, -3.456719), (-1.2406914, -69.15755, 15.106358), (2.2247524, -64.99933, 31.179808), (10.065599, -59.785713, 48.95013), (5.0103345, -61.67777, 43.039318), (-1.4473258, -67.17926, 22.6546), (36.021378, -65.58474, -132.49005), (29.319557, -64.403206, -138.18399), (27.486012, -63.77389, -139.65292), (25.587204, -63.134373, -141.04173), (7.3000765, -58.877617, -146.7955), (7.691415, -57.787937, -148.95087), (5.52017, -57.70956, -148.84627), (-1.0880066, -56.245556, -149.01428), (-3.35045, -55.98087, -147.36424), (2.4501436, -59.060425, -130.53235), (0.10485737, -58.38262, -130.98993), (-2.5492072, -57.631348, -131.33202), (9.922954, -58.19826, -127.97321), (7.4525156, -57.4364, -128.99068), (5.1897554, -56.753635, -129.75574), (27.284353, -74.84698, -53.85082), (-13.870445, -62.65191, -42.378395), (-11.525964, -60.614853, -70.63817), (-18.260738, -61.15489, -44.205387), (-6.1585255, -59.01647, -69.91986), (-8.310364, -58.42324, -70.01941), (14.877802, -58.856262, 50.818855), (17.022108, -56.960026, 55.742496), (19.830605, -55.427963, 58.241512), (21.996187, -53.168427, 62.215965), (24.116842, -51.384365, 63.96827), (19.057148, -54.398235, 61.738544), (22.391403, -50.588383, 68.12804), (23.302013, -47.937393, 72.8078), (25.07991, -38.345966, 86.40386), (22.85855, -41.388805, 85.61338), (20.842285, -42.85532, 86.026634), (20.034515, -45.177315, 82.68286), (20.609835, -45.817673, 80.72109), (22.511702, -44.787323, 80.20487), (23.418953, -46.30365, 75.988335), (21.49967, -48.223957, 74.57272), (25.277851, -36.951973, 87.87775), (25.574009, -34.244415, 90.54771), (25.307148, -32.4294, 92.98697), (25.549501, -29.67692, 95.13664), (25.297262, -27.124014, 97.7284), (24.367073, -26.39017, 99.93763), (25.554747, -20.874577, 101.511406), (27.996231, -19.049551, 98.10327), (28.95342, -15.693514, 98.061), (27.96901, -14.90568, 100.3143), (11.178411, -80.94151, -40.86214), (8.78778, -80.76134, -39.775837), (5.3616295, -81.7119, -36.753906), (-8.815123, -77.990326, -23.56694), (-7.1478806, -75.82412, -13.613023), (-4.6131744, -78.531624, -24.303862), (-6.532839, -70.995674, 6.5615554), (-9.311714, -72.60971, -0.91623497), (-5.8502913, -67.57676, 20.241566), (-2.0057209, -65.53121, 28.750694), (-2.6582687, -63.99093, 34.31749), (-2.0343497, -61.528255, 43.20594), (14.353054, -57.533627, 55.16828), (8.650189, -56.81463, 58.751965), (4.1898355, -59.566803, 50.23187), (-6.5170584, -66.17306, 25.437271), (34.128002, -64.49343, -134.73021), (24.124386, -62.009743, -142.4535), (20.669447, -61.244034, -144.28786), (16.681936, -60.045486, -146.2132), (18.572931, -60.57814, -145.36855), (3.3786647, -56.927307, -149.4472), (-3.3716059, -55.100548, -150.01268), (-9.876182, -53.706707, -149.28996), (-7.6626186, -54.295822, -149.44495), (-12.879943, -53.252445, -148.04071), (-4.940255, -56.97148, -131.4495), (-7.622855, -56.246677, -131.40895), (-11.000065, -55.36085, -131.05745), (2.5987267, -55.99176, -130.40814), (0.24823633, -55.31472, -130.84091), (-2.4139867, -54.56717, -131.11568), (-4.807575, -53.908978, -131.20787), (6.7986155, -69.08693, -42.71638), (-15.831857, -62.197006, -42.39539), (-14.150468, -59.836014, -71.37869), (-11.005734, -57.653885, -70.437836), (2.6021988, -67.929924, -41.73373), (4.7723665, -68.47608, -42.24607), (15.476609, -56.30741, 58.445465), (16.363321, -55.260506, 61.10897), (19.306932, -52.885956, 65.61758), (21.7724, -51.702698, 66.15814), (17.634754, -53.7667, 64.52991), (20.018087, -51.157875, 69.37149), (19.44107, -49.83716, 73.14196), (22.69757, -38.12543, 90.6996), (21.421347, -41.053303, 88.248924), (18.61049, -43.4892, 87.56594), (18.14199, -46.242096, 82.56312), (19.576208, -48.26089, 76.67221), (17.074135, -47.7303, 80.25196), (23.47363, -36.192677, 91.979355), (22.763357, -35.220097, 94.29349), (24.148823, -30.52635, 96.8658), (22.549387, -33.35594, 96.730675), (22.579966, -31.222761, 98.83143), (22.715553, -28.972548, 100.65226), (22.565317, -26.91316, 102.53246), (22.070728, -24.412424, 105.10062), (23.186255, -18.887291, 106.5432), (26.80098, -13.93926, 102.832245), (2.9661858, -81.43832, -36.009228), (-6.499941, -80.22107, -34.33897), (-8.938407, -79.97874, -33.91972), (-11.492124, -79.612946, -33.87517), (-14.324908, -79.23329, -33.861584), (-20.096592, -75.552505, -20.109945), (-11.542079, -75.89729, -15.724027), (-1.4660566, -80.81377, -35.231388), (-3.9557278, -80.520035, -34.743725), (3.7445962, -80.15822, -29.106253), (2.7333624, -79.67226, -27.212017), (3.704203, -76.4942, -27.504482), (-17.596258, -71.4371, -1.0257436), (-15.05701, -67.0624, 17.960316), (-7.397583, -62.922836, 37.322323), (-11.308764, -58.543118, 51.933014), (-6.414885, -58.03237, 54.62634), (13.05732, -55.071568, 63.11552), (7.029766, -53.983715, 67.715866), (-1.373334, -57.761383, 56.08914), (-0.32551053, -55.293503, 64.15936), (-10.142249, -64.833984, 29.507286), (-18.21497, -64.323746, 28.56522), (38.565323, -65.07466, -129.74583), (31.42973, -63.904205, -137.16362), (14.503969, -59.373688, -147.1159), (6.788788, -56.064476, -149.81636), (-0.72451514, -54.973763, -150.55519), (-12.754892, -52.13355, -149.90562), (-17.521172, -52.130207, -146.8706), (-15.936462, -52.141712, -148.38594), (-25.9985, -50.2311, -142.88283), (-14.337247, -54.51447, -130.38702), (-8.193595, -53.00358, -131.04942), (-11.557294, -52.132935, -130.56982), (2.3447812, -55.30552, -150.45647), (21.877401, -73.814705, -49.460915), (0.29409838, -67.34393, -41.293404), (-1.9325523, -66.76819, -40.97466), (-22.051958, -60.066093, -45.069508), (-20.714989, -60.873444, -43.249775), (-24.118065, -59.441193, -45.784107), (-30.006989, -57.574074, -48.613716), (-16.142433, -59.223305, -72.18173), (-14.090841, -56.732365, -71.37471), (13.960613, -72.06388, -44.824112), (15.708396, -53.014606, 67.82754), (12.519291, -54.16562, 65.96577), (17.87626, -51.927814, 69.28639), (17.381834, -51.181267, 71.59798), (21.231668, -39.674652, 90.66404), (19.42058, -40.69144, 91.511665), (15.296503, -45.521633, 86.641174), (15.386927, -42.96116, 91.8154), (17.562502, -41.871853, 91.67625), (16.368286, -44.27687, 88.30933), (15.352229, -46.47153, 84.48882), (17.057026, -49.30859, 76.53412), (14.768901, -49.238388, 78.313034), (13.346638, -47.286816, 83.95664), (14.535362, -50.944416, 74.06713), (20.51506, -37.347088, 95.0031), (20.052513, -35.0702, 98.53657), (21.06811, -32.0242, 100.39694), (20.680946, -29.597404, 103.26342), (21.053185, -27.45514, 104.47104), (19.295713, -25.336432, 108.54901), (19.051836, -28.22826, 106.721985), (21.310797, -22.175737, 107.642815), (20.869926, -17.112707, 110.863464), (25.023327, -12.593782, 106.37881), (6.649548, -80.351364, -39.01339), (4.2475514, -80.09197, -38.17983), (0.5151646, -81.156044, -35.347652), (-16.887745, -78.895744, -33.93977), (4.2968183, -77.016235, -29.637762), (-22.246569, -59.437263, 45.018013), (-14.468541, -59.189476, 48.76497), (-20.270048, -55.456547, 59.744278), (-11.295465, -53.436913, 68.80554), (13.406473, -52.672375, 69.90886), (11.107741, -51.840607, 73.11323), (5.2324476, -51.314857, 75.82225), (0.14054938, -52.800785, 71.78554), (-3.585199, -53.857162, 68.48861), (-25.069578, -65.518875, 19.264317), (-29.220118, -60.965942, 36.017086), (37.299797, -64.3931, -131.46333), (35.648666, -63.84096, -133.45183), (11.728621, -57.5363, -148.49432), (4.8097835, -55.490288, -150.20471), (-10.72715, -52.235867, -150.40463), (-20.588017, -50.9829, -147.20189), (-18.527678, -50.886055, -148.5648), (-28.639933, -48.99903, -144.19054), (-30.01207, -48.9482, -142.66846), (-22.810434, -50.427723, -146.5051), (-24.877867, -49.936058, -145.73048), (-26.836514, -49.437935, -144.9795), (-18.03655, -53.610764, -129.257), (-20.824156, -52.959885, -128.06844), (-31.883415, -49.7971, -129.85387), (-15.308191, -51.196198, -129.65294), (7.684821, -71.459465, -42.045815), (4.5227685, -70.72436, -41.091892), (-4.3541474, -66.71403, -40.30784), (-6.6009073, -66.11461, -40.19266), (-8.848955, -65.50537, -40.17826), (-17.98915, -61.986214, -42.066216), (-24.186468, -60.17309, -43.780174), (-26.15924, -58.814064, -46.598194), (-28.160555, -58.18944, -47.50696), (-35.053055, -55.818382, -52.804535), (-32.037254, -56.94915, -49.605507), (-18.480947, -58.477, -73.42692), (-17.004808, -55.81745, -72.758), (14.097053, -51.792427, 72.04897), (11.573455, -45.27447, 89.68092), (13.069055, -44.09655, 91.34746), (13.379546, -42.662098, 94.04561), (9.894683, -50.632774, 76.86375), (11.888902, -49.182922, 79.990746), (8.232402, -48.462906, 83.19767), (10.133354, -47.021904, 86.22082), (17.848974, -36.378464, 99.80266), (18.996593, -34.293983, 100.894196), (19.563536, -31.712376, 102.880165), (17.068783, -26.76405, 110.4681), (19.417324, -22.322615, 110.28243), (16.819561, -29.227863, 108.78919), (18.217758, -30.281925, 106.06728), (17.259312, -20.82169, 113.95769), (18.627235, -15.536262, 114.565895), (19.1157, -20.54842, 111.66937), (22.016817, -10.531869, 111.671875), (23.431654, -11.471477, 109.28042), (1.8045621, -79.82396, -37.443756), (-18.933384, -78.85082, -33.25161), (-27.404373, -72.36172, -10.8349695), (-32.614822, -68.135056, 3.7925172), (-26.10632, -67.74391, 9.621195), (-31.412918, -57.273148, 48.510456), (-21.004549, -51.892197, 71.12733), (-30.01631, -53.84405, 61.142246), (-20.926996, -48.72373, 80.90948), (-13.582197, -48.0549, 84.62937), (-4.441267, -51.65088, 75.15706), (3.2843366, -48.82274, 83.08391), (-1.8834083, -49.38799, 81.825195), (-34.608124, -63.878895, 20.107513), (-37.149994, -60.042244, 34.905384), (33.26198, -62.218597, -136.0207), (29.995289, -62.483604, -138.69902), (28.14941, -61.851204, -140.16164), (26.238361, -61.208702, -141.54495), (22.153887, -59.76112, -144.12698), (20.070227, -59.096416, -145.24538), (8.78661, -55.73119, -149.4684), (-8.588635, -52.730644, -150.62314), (-15.169961, -50.61792, -149.88597), (-31.38635, -49.03358, -139.91035), (-18.357634, -50.465557, -128.56076), (-22.10099, -52.806835, -125.900375), (-25.604261, -52.266006, -121.30311), (-31.319197, -50.93527, -118.82653), (-30.55009, -48.03993, -118.648315), (-31.102976, -46.915916, -129.55061), (-11.094456, -64.8885, -40.264076), (-13.331269, -64.264854, -40.450436), (-26.730902, -59.733887, -44.340294), (-34.485046, -56.326603, -50.271255), (-44.973305, -52.374985, -61.30058), (-37.274582, -55.199905, -53.2663), (-21.097994, -57.596592, -75.32659), (-19.22135, -55.08523, -74.21672), (-0.6646386, -79.54883, -36.80998), (-3.148245, -79.2685, -36.280457), (17.653198, -40.336926, 94.20927), (6.666736, -46.323204, 89.13523), (8.741605, -45.47909, 90.540764), (10.376322, -44.654125, 91.73056), (15.388778, -41.509384, 94.51489), (10.084028, -43.685375, 94.0371), (13.549804, -41.688545, 95.7911), (16.538454, -38.51964, 98.30825), (17.33362, -34.2721, 103.03954), (16.541628, -36.05903, 101.76288), (14.627683, -30.949253, 109.749596), (17.223572, -23.854288, 112.268105), (15.024665, -27.961933, 111.97932), (16.356365, -32.14491, 106.568794), (14.32384, -33.457993, 107.39966), (14.929673, -25.331503, 114.05973), (14.994881, -22.403505, 115.82445), (16.857525, -19.058664, 115.33229), (16.632114, -14.239969, 117.516975), (20.48737, -9.497288, 114.076744), (-8.119238, -78.694824, -35.535923), (-5.6286364, -78.98403, -35.85732), (-10.632304, -78.39943, -35.315147), (-13.163788, -78.098206, -35.19677), (-15.703609, -77.794685, -35.18119), (-18.238558, -77.49085, -35.268467), (-21.972216, -78.47228, -33.07177), (-24.352385, -78.17381, -33.332962), (-28.55072, -74.181465, -19.703531), (-36.454563, -72.65616, -19.032785), (-33.72616, -70.23398, -6.0776396), (-47.11045, -66.051476, 1.528688), (-44.29056, -62.023346, 20.911625), (-39.469, -55.340984, 50.962936), (-41.34109, -52.424232, 60.139755), (-29.776712, -49.266136, 76.09722), (-36.834362, -50.83867, 67.8692), (-22.67231, -46.48304, 86.94766), (-36.00705, -46.552425, 81.69917), (-22.155104, -44.026733, 93.959496), (-15.395736, -44.14541, 95.11672), (-5.6308494, -49.36454, 81.79565), (-8.217846, -46.676697, 89.172165), (1.5790628, -46.90313, 88.467804), (-4.6041145, -45.93743, 91.30886), (-45.044746, -57.9778, 37.697384), (31.54378, -61.54433, -137.61435), (24.961048, -59.628426, -142.54085), (17.939524, -58.426594, -146.2711), (15.765754, -57.754116, -147.2019), (13.742673, -56.90158, -147.97935), (-5.9710836, -53.67001, -150.62721), (-34.48253, -48.37115, -137.9158), (-32.469097, -45.66904, -139.35173), (-20.8616, -49.92164, -127.03787), (-22.898956, -52.97471, -121.59407), (-24.256771, -49.735546, -118.79866), (-27.470871, -51.894855, -119.78416), (-21.307444, -49.999615, -124.80915), (-28.407207, -51.88864, -117.00582), (-15.938921, -64.24039, -40.399586), (-18.743567, -63.56964, -40.850956), (-23.043669, -61.357964, -42.547417), (-29.386295, -58.570328, -45.959), (-36.445324, -55.934162, -50.86308), (-38.97311, -54.610672, -54.698437), (-40.606174, -54.03219, -56.20998), (-42.1669, -53.466766, -57.794315), (-43.657166, -52.91392, -59.453156), (-49.260395, -50.47203, -69.46063), (-47.28041, -51.521698, -64.06667), (-23.41821, -56.76368, -77.59751), (-25.39455, -55.995045, -80.193954), (-21.3221, -54.35774, -75.974205), (6.000513, -45.619724, 91.07634), (7.0604734, -44.745106, 92.90297), (14.962769, -39.938496, 97.65598), (4.3800416, -44.14369, 95.097404), (8.933204, -42.76115, 96.62957), (11.35617, -42.08612, 96.643166), (12.618831, -40.50568, 98.70286), (14.079152, -38.9272, 100.1376), (14.146066, -36.247997, 104.05959), (12.986506, -32.47165, 109.870445), (12.477568, -35.056, 107.24385), (12.882027, -26.513899, 115.43198), (12.626334, -23.93572, 117.484344), (14.943126, -19.351429, 117.461845), (13.518276, -15.462205, 120.61484), (14.614119, -12.265027, 120.44538), (12.376513, -18.664751, 120.57309), (15.388756, -9.704439, 120.23715), (18.324217, -8.167869, 117.175385), (-20.77233, -77.28881, -35.4099), (-22.775074, -77.88415, -34.87717), (-25.722263, -77.702, -35.01636), (-27.595236, -77.75888, -33.830647), (-32.976826, -77.08299, -35.84386), (-40.67036, -75.064606, -33.11671), (-39.682667, -72.2938, -18.715076), (-29.722063, -77.48703, -34.964245), (-49.220284, -69.91194, -17.976606), (-46.916443, -65.9088, 3.6934094), (-48.24451, -68.014824, -6.856553), (-50.839005, -52.37216, 53.82208), (-48.80699, -49.161713, 66.721634), (-40.449528, -48.137974, 74.66929), (-30.07265, -44.609566, 89.79408), (-46.749977, -44.98685, 80.87368), (-39.6485, -43.985783, 87.534996), (-24.90086, -41.78992, 99.187805), (-19.104599, -41.54867, 101.215614), (-10.868607, -43.351685, 97.791565), (-6.8790374, -44.318005, 95.54049), (0.42432708, -45.735493, 91.65275), (-0.72334915, -44.69729, 94.42747), (-55.285847, -60.342953, 20.386686), (-53.1838, -56.52673, 36.83626), (29.861324, -60.02799, -139.1203), (0.7509904, -53.2807, -150.84799), (-12.42168, -50.178925, -150.4836), (-21.719828, -49.45001, -148.02927), (-37.40641, -47.768433, -135.77255), (-37.035038, -48.425785, -129.54326), (-36.140366, -45.571404, -129.28795), (-29.670729, -47.24749, -144.82762), (-29.220505, -46.014385, -141.55783), (-23.853308, -48.897083, -147.2981), (-25.60695, -48.121162, -146.72362), (-27.795813, -47.61829, -145.76642), (-22.01861, -50.33678, -118.872215), (-20.688778, -53.684006, -120.3726), (-17.916267, -54.980118, -114.29301), (-17.163864, -52.094986, -113.94844), (-25.364323, -49.584522, -117.12316), (-39.725704, -49.209393, -112.58932), (-36.441696, -49.590885, -118.303825), (-24.066782, -76.702614, -35.902542), (-26.71062, -76.27805, -36.408302), (-22.325983, -63.369915, -41.368282), (-26.080524, -61.34732, -43.029453), (-30.282862, -60.065727, -44.832047), (-39.275173, -55.30633, -52.387497), (-48.352627, -51.084015, -65.71598), (-44.915947, -50.56705, -81.6113), (-47.19006, -50.150402, -79.360435), (-51.100468, -49.81633, -71.395676), (-47.183273, -52.114082, -61.46958), (-23.504591, -53.549446, -78.387535), (-42.26846, -50.976448, -85.076515), (-26.758415, -55.408768, -82.61069), (-25.018103, -52.940495, -80.60372), (-32.767113, -57.828384, -47.326866), (3.3306196, -43.565475, 96.758125), (6.3009686, -43.119434, 96.947815), (11.306844, -40.132343, 100.370834), (12.482981, -38.440453, 102.33815), (11.993042, -37.280838, 104.542534), (11.658701, -31.69946, 111.970856), (11.388602, -34.16562, 109.35671), (10.17545, -36.383472, 107.332306), (11.903199, -29.21761, 114.18752), (10.496887, -21.900673, 120.81031), (9.431487, -23.846668, 120.60477), (12.848417, -12.202511, 122.32016), (11.277842, -15.237743, 122.974884), (12.531708, -8.287158, 123.49616), (9.018587, -20.541714, 122.86992), (8.864361, -18.74757, 123.823), (16.545208, -7.005432, 119.474754), (15.228892, -6.310314, 121.08232), (-36.29685, -76.34706, -37.50084), (-43.558975, -73.95208, -30.300127), (-47.50227, -72.31241, -26.793146), (-50.896515, -66.80452, -3.7862582), (-51.496742, -66.201866, -1.6105546), (-57.312054, -63.907913, 3.3976512), (-57.080235, -67.38283, -12.5020075), (-56.496258, -67.87147, -14.692374), (-52.2517, -55.04151, 43.475666), (-49.972584, -51.276276, 58.873722), (-48.654686, -48.52594, 68.61326), (-47.872414, -47.35282, 73.08231), (-38.222294, -40.37016, 98.13057), (-47.053825, -45.581097, 78.91621), (-46.125328, -43.655262, 85.06861), (-44.537525, -40.84248, 93.97746), (-27.001871, -38.434544, 107.08897), (-31.937098, -39.79771, 102.08268), (-20.73787, -39.178482, 106.771545), (-13.506492, -41.092907, 103.23013), (-9.48249, -41.824493, 101.741264), (-2.3233688, -43.650063, 97.185), (-4.603194, -42.117123, 101.077065), (-56.3771, -62.23763, 11.517636), (-55.897068, -61.08008, 16.2094), (-54.84059, -59.78443, 23.257143), (-54.28592, -58.878284, 27.426413), (-52.91302, -55.976147, 38.854893), (28.353605, -59.076874, -140.32828), (24.700657, -56.743332, -142.87402), (26.702154, -58.062508, -141.54091), (22.928509, -55.64048, -143.93944), (21.100977, -54.569557, -144.93414), (10.9754715, -55.25081, -148.87852), (-39.87809, -47.28431, -133.67844), (-42.43028, -46.807903, -131.25745), (-19.774004, -54.386566, -115.28835), (-19.465631, -54.234848, -117.92487), (-20.963362, -51.700256, -117.66261), (-27.908592, -52.219124, -114.82166), (-41.042244, -48.41831, -117.44354), (-38.87822, -49.802002, -108.532684), (-38.69946, -46.41656, -112.04178), (-40.041607, -45.588474, -117.234726), (-29.727964, -76.091446, -36.97795), (-32.122997, -76.00224, -37.498985), (-34.93302, -75.052414, -38.684814), (-32.28647, -59.42111, -45.870354), (-38.748806, -73.64154, -40.633446), (-41.391884, -54.566223, -54.26161), (-50.00762, -50.605576, -67.19465), (-51.513332, -50.08755, -69.373344), (-48.87927, -49.821278, -77.91087), (-52.53942, -49.115345, -74.87585), (-45.595814, -53.02566, -58.70348), (-42.283634, -47.902065, -84.51793), (-43.686165, -47.680397, -82.73473), (-27.632511, -54.991585, -84.623505), (-26.059835, -52.48579, -82.527115), (-35.089333, -57.669, -48.138878), (-36.703815, -57.100952, -49.256264), (-38.520863, -56.521385, -50.568325), (4.4756546, -42.449203, 99.0483), (7.4556036, -42.22089, 98.47586), (8.535354, -41.082294, 100.30062), (8.744339, -39.974922, 102.31764), (9.576345, -38.01998, 105.230644), (8.969313, -35.327385, 109.74194), (10.039738, -33.36822, 111.48737), (9.839679, -31.004389, 114.32476), (6.808029, -38.591686, 105.92754), (8.323739, -37.20398, 107.37605), (10.01606, -28.067879, 116.93759), (7.2473674, -23.364826, 122.74183), (10.699043, -10.738638, 124.72473), (7.7748537, -12.411226, 126.78189), (8.502188, -15.898124, 125.21155), (13.267974, -5.24093, 123.249275), (9.429882, -6.923123, 126.42945), (6.1963925, -20.6795, 125.04218), (6.2737255, -17.445114, 126.4057), (-45.46463, -73.10452, -28.679298), (-50.746384, -70.85042, -23.640701), (-52.120033, -70.39572, -21.788443), (-48.94952, -71.5805, -25.486687), (-53.425144, -69.66732, -20.354294), (-54.49484, -69.18798, -18.51172), (-55.597206, -68.52284, -16.382807), (-49.69887, -62.993736, -4.011802), (-50.644283, -62.422802, -2.3213696), (-57.883022, -64.82332, -1.361273), (-52.51695, -55.73021, 40.98376), (-51.401447, -53.834805, 48.859936), (-51.139538, -52.971333, 51.631462), (-51.88017, -54.318012, 46.27999), (-50.369328, -51.865746, 56.47322), (-49.30116, -49.89835, 63.868313), (-47.39276, -46.200993, 76.797516), (-43.107937, -37.60815, 103.07129), (-44.901665, -41.489704, 92.00646), (-45.663784, -42.711277, 88.00952), (-44.275146, -39.83997, 96.59103), (-34.312737, -35.898495, 110.86406), (-28.951904, -36.223804, 111.805214), (-24.358212, -37.71233, 109.499886), (-17.622597, -36.780968, 112.91601), (-12.715866, -38.43446, 109.670204), (-8.732104, -39.877533, 106.47295), (-6.3005595, -40.939648, 103.96953), (1.8132234, -42.087692, 100.51541), (-0.26288095, -41.861107, 101.39034), (0.088305905, -40.872494, 103.61017), (-53.67903, -57.758068, 32.29859), (-53.36904, -57.16416, 34.803864), (-54.689835, -59.191204, 25.349028), (18.996248, -53.429916, -145.96046), (16.886534, -52.188213, -146.85669), (14.919335, -51.08712, -147.58853), (10.1552, -48.654945, -148.98183), (6.4138412, -53.912666, -149.98973), (12.965939, -50.061, -148.22057), (-20.278028, -48.013134, -148.71039), (-17.355247, -49.515923, -149.49693), (-43.656086, -47.000698, -125.3674), (-44.770493, -46.400482, -128.69907), (-35.86537, -46.62991, -118.273346), (-21.261951, -51.73954, -115.57714), (-19.498877, -54.714294, -112.45659), (-42.66781, -44.151924, -125.33397), (-26.013231, -53.608234, -105.034225), (-25.683311, -53.010235, -112.73077), (-38.453865, -50.180954, -105.58019), (-37.96639, -46.957943, -108.21359), (-41.0231, -72.592705, -42.075466), (-37.079994, -73.599495, -36.584076), (-39.656673, -71.50735, -38.156498), (-43.383366, -53.852474, -56.22129), (-51.005367, -49.39748, -76.19032), (-53.313812, -49.47302, -72.43474), (-49.971764, -51.790318, -63.75465), (-41.161034, -51.10518, -87.00215), (-41.160603, -48.05478, -86.222206), (-28.316422, -54.61865, -86.71986), (-26.917345, -52.072403, -84.54786), (5.631497, -41.17127, 101.456894), (5.7833767, -40.06601, 103.645905), (6.306076, -33.905846, 113.50979), (7.563775, -32.37169, 114.57906), (3.0364969, -40.63647, 103.45219), (4.002148, -38.952206, 106.5415), (4.9123816, -37.418922, 108.93567), (7.0940084, -27.499681, 119.83378), (5.696339, -29.32073, 119.18004), (5.910864, -25.504904, 122.29435), (4.9463897, -22.911386, 124.70158), (8.0800495, -9.522521, 127.11717), (6.0591044, -11.151441, 128.27412), (5.9193463, -14.894463, 127.49328), (11.139623, -4.164507, 125.30724), (9.376498, -3.3156466, 126.79006), (6.056526, -5.615173, 128.9633), (4.217362, -18.571379, 127.34811), (3.683755, -20.989557, 126.59617), (2.6875713, -17.032036, 128.86716), (-57.158115, -63.424313, 5.52886), (-58.052456, -65.206856, -3.393851), (-57.574955, -66.83525, -10.439404), (-52.90264, -66.49975, -4.256956), (-51.33519, -62.84745, -5.2038054), (-42.726475, -36.492218, 105.830505), (-42.314117, -35.78758, 107.86663), (-41.338104, -33.740284, 113.13845), (-45.347256, -42.058983, 90.00228), (-43.900555, -39.05788, 98.83704), (-32.68831, -34.03911, 115.663605), (-26.42939, -34.24861, 116.92856), (-21.890036, -35.476192, 115.17544), (-12.935264, -36.78796, 113.35789), (-13.111545, -34.271164, 118.47962), (-19.387035, -34.891422, 116.84738), (-7.0759454, -38.5222, 109.599754), (-10.743683, -36.18823, 114.681526), (-4.7400465, -37.413708, 111.78378), (-3.5378323, -39.13828, 107.98271), (-1.6939437, -39.8487, 106.174), (1.2743341, -39.544792, 106.23084), (-56.73803, -62.65856, 9.15312), (-53.996357, -58.22223, 30.128307), (7.9443555, -47.61709, -149.45668), (6.029481, -46.629715, -149.77086), (-44.047703, -43.429985, -129.22403), (-21.452679, -54.116962, -113.202675), (-21.169191, -54.383278, -111.08478), (-18.726795, -51.827892, -112.18673), (-25.42474, -50.658127, -115.40553), (-23.306011, -50.82195, -114.46973), (-24.539207, -53.80169, -107.35049), (-27.020588, -53.512505, -103.042496), (-24.552456, -50.80704, -105.90392), (-25.665483, -50.677464, -103.97011), (-38.187626, -50.52586, -102.52857), (-37.574398, -47.342793, -105.096306), (-43.046204, -71.539085, -43.555763), (-42.39378, -71.07549, -39.833992), (-41.57963, -56.30406, -52.388554), (-43.2263, -55.719868, -53.90933), (-52.14808, -50.902832, -67.439735), (-47.740433, -53.190907, -59.804714), (-51.61274, -51.64316, -65.56957), (-40.229317, -51.17735, -89.027084), (-28.802065, -54.294136, -88.87646), (-27.583448, -51.703857, -86.64862), (-45.478416, -70.088234, -45.639618), (-47.07942, -68.97436, -47.242294), (-48.624855, -67.761444, -49.00268), (6.351681, -35.992107, 110.48098), (4.1200123, -30.937433, 118.49316), (2.5562847, -32.480686, 117.502495), (4.1754894, -34.822094, 113.43841), (2.8366983, -36.291023, 111.777054), (2.070719, -37.841946, 109.34489), (4.537737, -27.450426, 121.67932), (3.0928082, -29.252102, 120.8853), (3.6290379, -25.015749, 124.17732), (1.6962717, -24.010656, 126.00313), (5.6181455, -8.444395, 128.97937), (2.7627513, -10.555923, 130.38724), (3.710968, -12.9798355, 129.39473), (4.270641, -1.115368, 130.1089), (6.196627, -1.9022809, 129.00839), (3.1988413, -7.804694, 130.47923), (1.8940212, -5.549151, 131.3114), (0.85277647, -20.365803, 128.49947), (0.94779, -14.728037, 130.48495), (0.11605932, -17.799393, 129.9553), (-58.11655, -65.65863, -5.685486), (-57.893826, -66.21226, -7.7775493), (-41.96645, -34.817486, 110.17554), (-35.498554, -31.982548, 119.26501), (-40.15453, -30.443289, 120.213196), (-28.3074, -32.905354, 119.39664), (-19.103474, -33.745583, 119.24977), (-24.36412, -31.865238, 122.221214), (-9.657224, -34.096973, 118.61043), (-12.224403, -31.970087, 122.35455), (-16.527405, -32.637505, 121.43998), (-8.510166, -35.24613, 116.40627), (0.21244748, -36.997547, 111.49366), (-2.5867617, -36.239433, 113.63591), (-5.626524, -34.56676, 117.21153), (-0.6574115, -38.496716, 108.84254), (-22.744781, -54.094524, -109.52664), (-21.827293, -51.233673, -109.41337), (-23.50673, -53.628803, -112.4228), (-23.269585, -50.99288, -107.72327), (-27.842669, -53.474922, -100.96456), (-26.598213, -50.60557, -101.93978), (-28.471596, -53.495712, -98.81985), (-38.157944, -50.815025, -99.38148), (-37.39534, -47.643665, -102.27276), (-39.14587, -75.74741, -34.458664), (-44.275288, -69.96742, -41.299564), (-45.67125, -70.072235, -32.47655), (-41.40887, -72.37505, -32.393177), (-49.038116, -67.814804, -29.339977), (-50.33562, -66.14239, -51.321377), (-44.833866, -55.141556, -55.526604), (-51.654922, -64.56746, -53.505234), (-53.555016, -50.190643, -70.499405), (-46.353024, -54.58028, -57.198605), (-49.47455, -53.00285, -61.57308), (-39.494785, -51.193546, -91.0789), (-39.327663, -48.2182, -89.9656), (-29.086164, -54.020508, -91.075806), (-28.051918, -51.38347, -88.81106), (-46.207188, -68.6631, -43.037643), (-47.83937, -67.38883, -44.73057), (-49.38266, -65.96173, -46.607307), (-0.72521925, -30.46399, 121.47899), (0.91658324, -33.860752, 116.37549), (-2.304098, -31.97765, 120.21671), (-0.7921366, -35.100178, 115.0993), (2.244001, -26.980803, 123.46499), (0.7919239, -28.798288, 122.56427), (-1.2759215, -23.983051, 127.4849), (-0.2713709, -8.712833, 132.1017), (0.29403505, -11.672726, 131.4582), (-1.5115684, -3.1432464, 132.79282), (1.4590899, 8.048121e-15, 131.43579), (-1.4726019, -5.9111223, 132.77693), (-1.5121123, -19.708513, 129.94305), (-1.506353, -14.819166, 131.60713), (-3.539069, -17.906757, 131.4926), (-52.57124, -62.218536, -3.5571527), (-35.3806, -30.287607, 122.81717), (-39.41993, -29.482433, 123.11376), (-30.995264, -31.550291, 121.509926), (-27.9385, -30.87483, 123.462006), (-21.91922, -31.31779, 123.4356), (-22.426157, -29.773584, 125.877304), (-27.167028, -29.57357, 125.783936), (-9.618369, -31.944513, 122.07122), (-3.939914, -33.34271, 118.78906), (-10.037099, -30.012384, 124.74753), (-17.960972, -30.818075, 124.36445), (-16.676178, -29.42587, 126.258896), (-27.341484, -50.591972, -99.8327), (-28.993143, -53.60267, -96.03615), (-27.88919, -50.636654, -97.66675), (-38.34163, -51.003853, -96.7082), (-37.43956, -47.943237, -98.78448), (-47.594685, -69.88942, -26.687035), (-50.73956, -64.421104, -48.581165), (-52.691277, -62.97227, -55.66309), (-51.82974, -62.841667, -50.534977), (-53.5093, -61.254646, -57.893795), (-54.117416, -59.317554, -60.29937), (-54.44843, -57.31056, -62.672066), (-54.536636, -55.382065, -64.8619), (-54.47935, -53.814575, -66.57967), (-54.234486, -51.563053, -69.02997), (-38.807144, -51.14757, -93.68383), (-38.65831, -48.226406, -91.9086), (-29.165884, -53.800507, -93.29598), (-28.365349, -51.048515, -91.60796), (-3.086979, -26.596031, 126.273705), (-5.9744587, -30.010677, 123.80697), (-7.488104, -31.48922, 122.30031), (-0.36217484, -26.780903, 124.96228), (-2.919445, -21.94443, 129.43079), (-4.105812, -24.058662, 128.59537), (-2.7384148, -8.365297, 133.14195), (-2.7630239, -11.539467, 132.79388), (-4.9055314, -4.8446236, 134.01512), (-5.127667, -20.972162, 130.76074), (-9.470821, -17.881742, 133.40067), (-8.370736, -15.465499, 133.84659), (-5.063003, -14.914751, 132.95526), (-50.29512, -68.7549, -23.985514), (-49.692947, -50.537468, 61.384315), (-33.159214, -29.019762, 125.71217), (-38.9958, -28.20717, 125.58831), (-25.65073, -27.313349, 129.04147), (-20.985058, -28.143017, 128.06482), (-26.433004, -28.482458, 127.47587), (-32.414047, -27.684582, 127.957596), (-7.577846, -28.623394, 125.7918), (-9.874416, -28.109873, 126.8488), (-15.4112625, -27.885466, 127.97107), (-20.028843, -26.686262, 129.66083), (-28.298265, -50.768345, -94.94884), (-37.94064, -48.165684, -94.770905), (-52.027706, -66.6541, -26.372135), (-52.694912, -61.16758, -52.51727), (-53.532425, -58.56826, -55.405457), (-53.852943, -56.521194, -57.53321), (-53.953316, -53.608124, -60.419384), (-53.751575, -50.039883, -64.05636), (-7.9993057, -27.138544, 127.38184), (-5.3712783, -26.032705, 127.565575), (-6.3685203, -23.116968, 129.9706), (-6.266283, -10.337397, 134.15839), (-7.4883013, -6.7078853, 134.78143), (-5.923348, -12.8508415, 133.68864), (-10.601771, -20.17463, 132.7462), (-12.941627, -15.713185, 134.92424), (-14.0530815, -18.150558, 134.3701), (-10.8813095, -12.247496, 135.17572), (-55.553368, -65.08083, -21.926085), (-54.102215, -65.77172, -23.927832), (-51.929955, -68.005424, -22.080534), (-38.329853, -26.856455, 128.09402), (-31.121021, -25.316404, 131.09259), (-24.55148, -25.792576, 130.7431), (-37.90748, -25.627523, 129.92935), (-14.169139, -26.189962, 129.48476), (-17.784885, -26.172235, 129.96541), (-19.594168, -24.754763, 131.42093), (-55.532536, -60.77289, 18.406158), (-12.952243, -24.337378, 130.7886), (-11.762653, -22.330069, 131.87642), (-12.08282, -8.843559, 135.85176), (-11.007419, -6.778591, 135.68382), (-15.114588, -20.367868, 133.61673), (-14.069264, -13.707841, 135.6493), (-15.468803, -16.472626, 135.22343), (-16.498453, -18.775558, 134.58722), (-56.97086, -64.31578, -19.547934), (-53.267757, -67.34934, -20.305866), (-36.970432, -23.122461, 132.9652), (-30.232868, -23.236979, 133.1387), (-27.631586, -22.661596, 133.55936), (-23.699833, -24.081621, 132.27002), (-17.237633, -24.41208, 131.42274), (-18.102472, -22.591087, 132.84157), (-22.796606, -22.216597, 133.59706), (-15.533743, -22.426222, 132.54292), (-16.28211, -8.176261, 136.77808), (-15.425657, -3.4176447, 136.65192), (-18.129072, -10.976866, 136.85469), (-17.463428, -20.83584, 133.77885), (-18.98693, -13.418405, 136.61046), (-20.027002, -16.060417, 136.10933), (-20.946308, -18.297241, 135.44734), (-58.082653, -64.55661, -17.515415), (-54.613384, -66.60837, -18.143036), (-57.549213, -63.917213, -8.402877), (-57.670494, -63.415558, -6.1875954), (-36.26536, -21.010515, 134.8442), (-31.408, -21.791996, 134.29605), (-26.269926, -19.532118, 135.45135), (-21.781548, -20.208447, 134.66568), (-23.484602, -8.613647, 138.00407), (-19.674135, -4.425361, 137.49925), (-24.731047, -12.08928, 137.73616), (-25.812178, -15.337171, 137.1043), (-25.52872, -17.713306, 136.2233), (-58.921223, -62.955715, -14.834635), (-60.35101, -61.99461, -7.1860027), (-59.936863, -61.746475, -9.905465), (-57.272194, -64.43505, -10.550372), (-60.309647, -61.163906, -3.0286236), (-57.637615, -62.869564, -3.6329699), (-29.82275, -19.55506, 135.68468), (-35.688084, -19.223318, 136.07068), (-28.512342, -16.8648, 136.85126), (-25.04345, -6.8564625, 138.36263), (-27.557894, -9.567597, 138.50539), (-28.740948, -12.659538, 138.13306), (-29.549679, -15.110816, 137.56735), (-59.54295, -62.32697, -12.372933), (-56.111286, -65.60466, -14.897995), (-56.795853, -65.00308, -12.745433), (-59.82947, -60.233612, 2.0312147), (-57.358837, -62.135544, 0.01475977), (-35.002743, -16.994978, 137.23303), (-34.37331, -14.88765, 138.0354), (-32.02204, -6.613278, 139.3383), (-31.412285, -4.356669, 139.34518), (-32.972824, -10.082991, 139.07672), (-33.790653, -12.888384, 138.58427), (-55.643986, -59.38599, 13.735093), (-58.36642, -57.94865, 13.785816), (-53.348263, -55.577328, 31.330969), (-56.071583, -54.141464, 31.375), (-51.20681, -51.848675, 47.085682), (-53.93095, -50.414177, 47.1231), (-49.07881, -47.96869, 62.081062), (-51.804024, -46.536003, 62.109882), (-53.324318, -48.8903, 49.81921), (-47.039074, -44.079197, 75.807945), (-49.765003, -42.647507, 75.83074), (-45.086628, -40.191463, 88.32536), (-47.81353, -38.76134, 88.34031), (-43.48086, -36.86681, 98.14052), (-46.210354, -35.44188, 98.13753), (-42.159233, -34.04005, 105.875626), (-44.894474, -32.626713, 105.83831), (-40.756176, -30.944834, 113.73146), (-43.444027, -29.425245, 113.95334), (-39.612305, -28.354677, 119.88677), (-42.03012, -26.998602, 119.94706)]
    }
}

def Xform "World_Root" (
    customData = {
        string focusNodeLabel = "World_Root"
        string focusNodePrimType = "Xform"
    }
)
{
    float3 xformOp:scale = (1, 1, 1)
    float3 xformOp:scale:unitFix = (1, 1, 1)
    matrix4d xformOp:transform = ( (1, 0, 0, 0), (0, 1, 0, 0), (0, 0, 1, 0), (0, 0, 0, 1) )
    uniform token[] xformOpOrder = ["xformOp:scale", "xformOp:scale:unitFix", "xformOp:transform"]

    def Xform "target" (
        customData = {
            string focusNodeLabel = "target"
            string focusNodePrimType = "Xform"
        }
    )
    {
        float3 xformOp:scale = (1, 1, 1)
        float3 xformOp:scale:unitFix = (1, 1, 1)
        matrix4d xformOp:transform = ( (1, 0, 0, 0), (0, 1, 0, 0), (0, 0, 1, 0), (0, 0, 0, 1) )
        uniform token[] xformOpOrder = ["xformOp:scale", "xformOp:scale:unitFix", "xformOp:transform"]

        def Mesh "_10D132000_YP_HOUSING_NON_AVM_RH" (
            customData = {
                string focusNodeLabel = "_10D132000_YP_HOUSING_NON_AVM_RH"
                string focusNodePrimType = "Mesh"
                string focusProtoRef = "/_Prototypes/proto_0"
            }
            instanceable = true
            prepend references = </_Prototypes/proto_0>
        )
        {
            float3 xformOp:scale = (1, 1, 1)
            float3 xformOp:scale:unitFix = (0.001, 0.001, 0.001)
            matrix4d xformOp:transform = ( (1, 0, 0, 0), (0, 1, 0, 0), (0, 0, 1, 0), (0, 0, 0, 1) )
            uniform token[] xformOpOrder = ["xformOp:scale", "xformOp:scale:unitFix", "xformOp:transform"]
        }
    }
}

